,username,description,location,hashtags,text
0,AnthologyTheatr,Producing and investing in theatre. Part of the @Anthology_Group and advisor to The Cultural Capital Fund.,"London, England",['last2shows'],"Last 2 chances to see @KanYamaKanShow as part of the @RiyadhSeason 
For now itâ€™s our final countdown!â€¦
#last2shows #kanyamakan #riyadhseason #tuesdayvibe https://t.co/KYWxMjc3xq"
1,AnthologyTheatr,Producing and investing in theatre. Part of the @Anthology_Group and advisor to The Cultural Capital Fund.,"London, England",[],"Today is our last performance of @KanYamaKanShow as part of @RiyadhSeason 2022
One last chance to catch the magic of our storytelling and we salute all our wonderful audiences over the last few weeks in Riyadh! #kanyamakan #riyadhseason #theatre #storytelling #lastshow https://t.co/Bg97geeZST"
2,AlkhaldiShaman,"entertainment lover, I share this love with all of you ğŸ¥ğŸ­ğŸ¤¹ğŸ»â€â™‚ï¸ğŸªğŸŸğŸ","Riyadh, Kingdom of Saudi Arabi",['RiyadhSeason'],"If you want to see all of Saudi Arabia's cities and attractions, all you have to do is visit Al-Watan Park in Riyadh, which is considered one of the most beautiful gardens in Riyadh.

#RiyadhSeason https://t.co/S2rzV6rQsa"
3,Riyadhm32417378,best massage services in Riyadh full body massage I'm from Ukraine,Riyadh Saudi Arabia ,"['riyadhdating', 'riyadhmassage', 'Riyadhfullservice', 'riyadhvipmassage', 'RiyadhSeason', 'Riyadh_bodymassage', 'riyadhescortservice', 'riyadhcoolmasssage']","https://t.co/A1iiOG4ays
Chart me on what's app
+966562435491 VIP service here in Riyadh full body massage 
#riyadhdating 
#riyadhmassage 
#Riyadhfullservice 
#riyadhvipmassage 
#RiyadhSeason 
#Riyadh_bodymassage 
#riyadhescortservice 
#riyadhcoolmasssage https://t.co/Zkd9GPFprA"
4,jam88142182,#Massage_Riyadh,Riyadh,"['MassagesRiyadh', 'Riyadhfullservice', 'RiyadhSeason', 'riyadhmassage']","0533915943

ğ˜ğ˜–ğ˜–ğ˜‹ ğ˜”ğ˜ˆğ˜šğ˜šğ˜ˆğ˜ğ˜Œ !!

#MassagesRiyadh 
#Riyadhfullservice 
#RiyadhSeason #riyadhmassage https://t.co/7th1sHYDSM"
5,miraymano,,"Riyadh, Kingdom of Saudi Arabia","['MIRAYMANO', 'MYM', 'CraftySewing', 'RiyadhOasis', 'RiyadhSeason']","FREE SPIRIT:
Let your imagination run wild in the seasonâ€™s relaxed reversible short sleeves bisht in warm terracotta color.

Designer â€“ CRAFTY SEWING

Tap the link in our bio to shop #MIRAYMANO

#MYM #CraftySewing #RiyadhOasis #RiyadhSeason https://t.co/4f83Nqi9uQ"
6,massage_ria,,"Ø§Ù„Ø±ÙŠØ§Ø¶, Ø§Ù„Ù…Ù…Ù„ÙƒØ© Ø§Ù„Ø¹Ø±Ø¨ÙŠØ© Ø§Ù„Ø³Ø¹ÙˆØ¯","['Riyadh', 'RiyadhSeason', 'saudiarabia', 'Saudi', 'ØªØ¹Ø¯Ø¯_Ø§Ù„Ø²ÙˆØ¬Ø§Øª_Ù…Ø·Ù„Ø¨_ÙˆØ·Ù†ÙŠ']","Massage in riyadh 
Whatsap https://t.co/Lb7mrYdiaR #Riyadh #RiyadhSeason #saudiarabia #Saudi 
#ØªØ¹Ø¯Ø¯_Ø§Ù„Ø²ÙˆØ¬Ø§Øª_Ù…Ø·Ù„Ø¨_ÙˆØ·Ù†ÙŠ https://t.co/TL3Spg2kxv"
7,travelwingsuae,"Official account of Travelwings, a leading online #travel agency in the UAE. Your one-stop travel shop serving 24X7. Get your wings to fly 800-TWINGS (894647)","Dubai, UAE","['ExperienceSaudi', 'VisitSaudi', 'SaudiArabia', 'Travelwings', 'TravelTheWorld', 'TravelDiaries', 'AlUla', 'RiyadhSeason', 'KingdomOfSaudiArabia']","There are treasures &amp; hidden gems in every corner of this kingdom. It's time for you to witness 'em all ğŸ˜

#ExperienceSaudi like never before: https://t.co/bGe7nfcWsi

#VisitSaudi #SaudiArabia #Travelwings #TravelTheWorld #TravelDiaries #AlUla #RiyadhSeason #KingdomOfSaudiArabia https://t.co/3thVOKhnp0"
8,massage_lina1,,"Ø§Ù„Ø±ÙŠØ§Ø¶, Ø§Ù„Ù…Ù…Ù„ÙƒØ© Ø§Ù„Ø¹Ø±Ø¨ÙŠØ© Ø§Ù„Ø³Ø¹ÙˆØ¯","['Riyadh', 'RiyadhSeason', 'Ø§Ù„Ø§ØªØ­Ø§Ø¯_Ø§Ù„ØªØ¹Ø§ÙˆÙ†']","Massage in riyadh 
Whatsap https://t.co/7cACvxPSsJ 
#Riyadh #RiyadhSeason 
#Ø§Ù„Ø§ØªØ­Ø§Ø¯_Ø§Ù„ØªØ¹Ø§ÙˆÙ† https://t.co/nPGUxmtDC0"
9,AlaziqAlzailaie,Ø´Ø±ÙƒØ© Ø§Ù„Ø¹Ø²Ù‚ ÙˆØ§Ù„Ø²ÙŠÙ„Ø¹ÙŠ Ù…Ø­Ø§Ø³Ø¨ÙˆÙ† Ù‚Ø§Ù†ÙˆÙ†ÙŠÙˆÙ† Ù…ØªØ®ØµØµØ©  ÙÙŠ Ø§Ù„Ù…Ø±Ø§Ø¬Ø¹Ø©  ÙˆØ§Ù„Ø¶Ø±Ø§Ø¦Ø¨ ÙˆØ§Ù„Ø§Ø³ØªØ´Ø§Ø±Ø§Øª ÙˆØ§Ù„Ù…Ø­Ø§Ø³Ø¨Ø© Ø§Ù„Ù‚Ø¶Ø§Ø¦ÙŠØ© ÙˆÙ†Ù‚Ø¯Ù… Ø®Ø¯Ù…Ø§ØªÙ†Ø§  ÙÙŠ Ø¬Ù…ÙŠØ¹ Ù…Ù†Ø§Ø·Ù‚ Ø§Ù„Ù…Ù…Ù„ÙƒØ©,"Riyadh, Jeddah, Dammam, Abha","['ihacpa', 'zatca', 'iapa', 'saudivision2030', 'saudiarabia', 'jeddah', 'riyadh', 'riyadhseason', 'socpa', 'tax', 'Ø²Ø§ØªÙƒØ§']","Saudi Arabia aims to be among the top 20 countries in the labor market efficiency index by 2030. In the Saudi labor market, the number of Saudis currently exceeds 1.9 million. 

#ihacpa #zatca #iapa #saudivision2030 #saudiarabia #jeddah #riyadh #riyadhseason #socpa #tax #Ø²Ø§ØªÙƒØ§"
10,JamJam54671265,Be Yourself ğŸ“£ 0563673741,Riyadh,"['MassagesRiyadh', 'Riyadhfullservice', 'RiyadhSeason', 'riyadhmassage']","0533915943

ğ˜ğ˜–ğ˜–ğ˜‹ ğ˜”ğ˜ˆğ˜šğ˜šğ˜ˆğ˜ğ˜Œ !!

#MassagesRiyadh 
#Riyadhfullservice 
#RiyadhSeason #riyadhmassage https://t.co/7th1sHYDSM"
11,saada186,"#ProudPakistani #LovePakArmy #PMIK @insafianspower1
#PoliticalScience #InternationalAffairs 
#PAKUSTV #Newyork #Islamabad",Islamabad,"['NEWSUPDATE', 'SaudiArabia', 'celebration', 'KINGDOM', 'pakustv', 'NYC', 'FoundingDay', 'KSA', 'RiyadhSeason']","#NEWSUPDATE 

#SaudiArabia prepares to light up in #celebration of #KINGDOM's Founding Day  
#pakustv #NYC #FoundingDay #KSA #RiyadhSeason 
https://t.co/4XgI8D0yx2"
12,AlinaDorathy,Easy going lady like to make friends,"Miami, FL","['Riyadhfullservice', 'riyadhmassage', 'riyadh_massage_vip', 'Riyadh', 'riyadh_Fullbodymassage', 'RiyadhSeason', 'riyadhvipmassage', 'Riyadh_bodymassage']","I'm available for Riyadh body massage and therapist you can chat me on WhatsApp.+4915129738107.
#Riyadhfullservice 
#riyadhmassage 
#riyadh_massage_vip 
#Riyadh 
#riyadh_Fullbodymassage 
#RiyadhSeason 
#riyadhvipmassage 
#Riyadh_bodymassage https://t.co/47b5Jkzyq4"
13,ronaldo17170150,I'm all into sports. @cristiano,,"['Riyadhseason', 'Ù…ÙˆØ³Ù…_Ø§Ù„Ø±ÙŠØ§Ø¶']","25 February, the night of Kuwait in #Riyadhseason. En event to celebrate the day of freeing Kuwait in Boulevard city âœ¨ğŸ‘ŒğŸ¼ #Ù…ÙˆØ³Ù…_Ø§Ù„Ø±ÙŠØ§Ø¶ https://t.co/1b9F2ncdto"
14,Mistres93352667,Hi im CHUBBS 25 years old! Im doing relaxing Massage/ Hammamgrabi and free shaving! Available from 1:00PM to 12:30 nightâ¤ï¸ğŸ’‹,Al Malaz (inshara jamea),"['massage_bodytobody', 'riyadhvipmassage', 'massagetherapist', 'riyadhdating', 'massage_in_riyadh', 'RiyadhSeason', 'hammammagrabi', 'riyadh_Fullbodymassage', 'Ø³Ø§Ù„Ø¨_Ø§Ù„Ø±ÙŠØ§Ø¶_Ù…Ø¨Ø§Ø¯Ù„_Ø§Ù„Ø±ÙŠØ§Ø¶']","Hello.! Iam available for massage todayâ€¼ï¸â€¼ï¸ set an appointment nowâ¤ï¸

Chat me: 05-450-458-44
#massage_bodytobody #riyadhvipmassage 
#massagetherapist #riyadhdating 
#massage_in_riyadh #RiyadhSeason #hammammagrabi #riyadh_Fullbodymassage #Ø³Ø§Ù„Ø¨_Ø§Ù„Ø±ÙŠØ§Ø¶_Ù…Ø¨Ø§Ø¯Ù„_Ø§Ù„Ø±ÙŠØ§Ø¶ https://t.co/uG4SLXzPXd"
15,badr2876,Ù…Ù† Ù„Ù… ÙŠØ´Ø¹Ø± Ø¨ØµÙ…ØªÙƒ Ù„Ù† ÙŠÙÙ‡Ù… Ø­Ø¯ÙŠØ«Ùƒ!,,"['SaudiArabia', 'RiyadhSeason']","Entertainment in #SaudiArabia is in high level and quality thanks to our leadership 
#RiyadhSeason Imagine more! https://t.co/vNcOpjH5se https://t.co/cgZZUQ0b9T"
16,Musab2045M,interested in politics and economics.,"Tabuk, Kingdom of Saudi Arabia","['Riyadhseason', 'Ù…ÙˆØ³Ù…_Ø§Ù„Ø±ÙŠØ§Ø¶']","#RiyadhseasonÂ continues to amaze us, there are many events yet to start and we are very excited ğŸ‘ğŸ»ğŸ˜ğŸ‡¸ğŸ‡¦
#Ù…ÙˆØ³Ù…_Ø§Ù„Ø±ÙŠØ§Ø¶ https://t.co/TKQeHJs7RR"
17,miraymano,,"Riyadh, Kingdom of Saudi Arabia","['MIRAYMANO', 'MYM', 'SaraIntabi', 'WoolCoatAbaya', 'RiyadhOasis', 'RiyadhSeason']","TIMELESS LUXURY:
Explore the luxury and shop winterâ€™s most-wanted style that is hard to miss.

Designer â€“ SARA INTABI

Tap the link in our bio to shop #MIRAYMANO

#MYM #SaraIntabi #WoolCoatAbaya #RiyadhOasis #RiyadhSeason https://t.co/QxxOYAPa2I"
18,k_haledabdullah,A guy who aspires to be the best in everything ğŸ˜Œ,,['RiyadhSeason'],#RiyadhSeason has become the first destination for those looking for entertainment. https://t.co/jLJYqffm0s
19,yasser_madkhli,"ÙƒØ§ØªØ¨ / writer
Ø±Ø¦ÙŠØ³ Ù…Ø¬Ù„Ø³ Ø¥Ø¯Ø§Ø±Ø© @msrhkaef",Ø§Ù„Ù…Ù…Ù„ÙƒØ© Ø§Ù„Ø¹Ø±Ø¨ÙŠØ© Ø§Ù„Ø³Ø¹ÙˆØ¯ÙŠØ©,['last2shows'],"Last 2 chances to see @KanYamaKanShow as part of the @RiyadhSeason 
For now itâ€™s our final countdown!â€¦
#last2shows #kanyamakan #riyadhseason #tuesdayvibe https://t.co/KYWxMjc3xq"
20,Japs92804708,"Massage therapist here at riyadh
watsapp 0541093846  message my watsapp
shaving and moroccan bath also available","Ø§Ù„Ø±ÙŠØ§Ø¶, Ø§Ù„Ù…Ù…Ù„ÙƒØ© Ø§Ù„Ø¹Ø±Ø¨ÙŠØ© Ø§Ù„Ø³Ø¹ÙˆØ¯","['Riyadhfullservice', 'Riyadh', 'massage_in_riyadh', 'riyadh_massage_vip', 'riyadhmassage', 'MassagesRiyadh', 'RiyadhSeason', 'massage_in_riyadh']","0534162762

Are u Tired? Time to Relax 

Book yours !

Shaving  for today if you avail our vip... massage with morrocan bath ..for 300

#Riyadhfullservice #Riyadh
#massage_in_riyadh  #riyadh_massage_vip
#riyadhmassage  #MassagesRiyadh
#RiyadhSeason #massage_in_riyadh https://t.co/uekvecmEUy"
21,chinonsoamara0,,,"['Riyadh_season', 'Riyadhfullservice', 'riyadhmassage', 'Riyadh', 'riyadh_Fullbodymassage', 'riyadhvipmassage', 'RiyadhSeason', 'riyadhbodytobodyMassage', 'Riyadh_bodymassage', 'riyadhdating', 'Riyadh_bodymassag']","+966593956879 FOR DECENT AND HAPPY ENDING SERVICE WHATSAPP ME.Â  +966593956879
#Riyadh_season 
#Riyadhfullservice 
#riyadhmassage 
#Riyadh 
#riyadh_Fullbodymassage 
#riyadhvipmassage 
#RiyadhSeason 
#riyadhbodytobodyMassage 
#Riyadh_bodymassage 
#riyadhdating 
#Riyadh_bodymassag https://t.co/jMmw70rzhG"
22,miraymano,,"Riyadh, Kingdom of Saudi Arabia","['MIRAYMANO', 'MYM', 'NabilaNazer', 'CottonAbaya', 'RiyadhOasis', 'RiyadhSeason']","ELEVATED ESSENTIALS:
Evoke a relaxed yet polished silhouette with this cotton abaya in light gray.

Designer â€“ NABILA NAZER

Tap the link in our bio to shop #MIRAYMANO

#MYM #NabilaNazer #CottonAbaya #RiyadhOasis #RiyadhSeason https://t.co/4QU3HFyHH3"
23,KanYamaKanShow,"Global Theatrical Premiere, Riyadh From Feb 4th 2022. A U.K/Saudi Production.",Riyadh,"['kanyamakan', 'riyadhseason', 'theatre', 'storytelling', 'lastshow']","Today is our last performance of @KanYamaKanShow as part of @RiyadhSeason 2022
One last chance to catch the magic of our storytelling and we salute all our wonderful audiences over the last few weeks in Riyadh! #kanyamakan #riyadhseason #theatre #storytelling #lastshow https://t.co/Bg97geeZST"
24,AlkhaldiShaman,"entertainment lover, I share this love with all of you ğŸ¥ğŸ­ğŸ¤¹ğŸ»â€â™‚ï¸ğŸªğŸŸğŸ","Riyadh, Kingdom of Saudi Arabi",['RiyadhSeason'],"The Mystery Museum  has 80 surprisingly fun activities and experiences that will shock your senses and baffle your imaginations.
#RiyadhSeason https://t.co/4MXNuTcpcC"
25,N_massager259,Available 24/7 For Massage ğŸ’¯,,"['Riyadhfullservice', 'riyadhhmassagecenter', 'riyadh_massage_vip', 'RiyadhSeason', 'bodytobodymassage', 'RIYADH_VIP_MASSAGE', 'Riyadh', 'riyadhbodytobodyMassage', 'riyadh_Fullbodymassage']","New Sexy Massager in Riyadh , Iâ€™m available 24/7ğŸ¥°ğŸŒ¹ +1 (201)383-5851

#Riyadhfullservice  
#riyadhhmassagecenter
#riyadh_massage_vip
#RiyadhSeason 
#bodytobodymassage 
#RIYADH_VIP_MASSAGE 
#Riyadh 
#riyadhbodytobodyMassage 
#riyadh_Fullbodymassage https://t.co/JULUrmuTlo"
26,KanYamaKanShow,"Global Theatrical Premiere, Riyadh From Feb 4th 2022. A U.K/Saudi Production.",Riyadh,"['last2shows', 'kanyamakan', 'riyadhseason', 'tuesdayvibe']","Last 2 chances to see @KanYamaKanShow as part of the @RiyadhSeason 
For now itâ€™s our final countdown!â€¦
#last2shows #kanyamakan #riyadhseason #tuesdayvibe https://t.co/KYWxMjc3xq"
27,Poks49705435,"Massage therapist here at riyadh
watsapp 0541093846
no home services",Riyadh ,"['riyadh_massage', 'riyadh_Fullbodymassage', 'massageinRiyadh', 'riyadh_Fullbodymassage', 'Riyadhfullservice', 'RiyadhSeason']","Massage with morrocan batha
Vip  room free shaving

Masssge.
Hamam magrabi:.-:
Morrocan bath

Whatsapp me:ğŸ‘‡ğŸ‘‡ğŸ‘‡
0541093846

âŒno home serviceâŒ

#riyadh_massage #riyadh_Fullbodymassage
#massageinRiyadh #riyadh_Fullbodymassage #Riyadhfullservice #RiyadhSeason https://t.co/GoydZebMx4"
28,Zainlim1,Ù…Ø³Ø§Ø¬ - Ø­Ù…Ø§Ù… Ù…ØºØ±Ø¨ÙŠ,al yarmouk riyadh ,"['RIYADHSEASON', 'followback', 'retweet', 'WhatsApp', 'negative_riyadh']","Available now
Call meâ¤â¤
Follow meâ¤â¤
Wattsapp meâ¤â¤
https://t.co/z19xdrsLk2
https://t.co/z19xdrsLk2
Ù Ù¥Ù¤Ù©Ù£Ù©Ù©Ù¢Ù£Ù¡
Ù Ù¥Ù¤Ù©Ù£Ù©Ù©Ù¢Ù£Ù¡
#RIYADHSEASON 
#followback 
#retweet 
#WhatsApp 
#negative_riyadh https://t.co/VRj5JPAgWV"
29,jam88142182,#Massage_Riyadh,Riyadh,"['Riyadhfullservice', 'RiyadhSeason', 'MassagesRiyadh', 'riyadhmassage']","0533915943

ğ˜ğ˜–ğ˜–ğ˜‹ ğ˜”ğ˜ˆğ˜šğ˜šğ˜ˆğ˜ğ˜Œ !!

#Riyadhfullservice #RiyadhSeason 
#MassagesRiyadh #riyadhmassage https://t.co/OPvQpqvoCw"
30,naiif_a32,Creator ğŸ¥interested in Saudi  future & Projects  #Ù…ÙˆØ³Ù…_Ø§Ù„Ø±ÙŠØ§Ø¶ .#RiyadhSeason.,Saudi Arabia. Riyadh.  ,"['RiyadhSeason', 'Ù…ÙˆØ³Ù…_Ø§Ù„Ø±ÙŠØ§Ø¶']","Saudi Arabia will be celebrating Founding Day on February 22nd, and if you came to Riyadh Boulevard or Winter Wonderland wearing a traditional dress you'll be granted free entry
#RiyadhSeason #Ù…ÙˆØ³Ù…_Ø§Ù„Ø±ÙŠØ§Ø¶ https://t.co/CGnNz6cLc3"
31,waleed1416i,The Art of Music / Always the 1st. #BTS,Kingdom of Saudi Arabia,"['Ù…ÙˆØ³Ù…_Ø§Ù„Ø±ÙŠØ§Ø¶', 'RiyadhSeason']","In 22 February, entering the Boulevard &amp; Winter Wonder Land will be free for everyone who wears The Saudi Founding Day's outfit ğŸ‡¸ğŸ‡¦ğŸ‡¸ğŸ‡¦âœ¨ğŸ‘ŒğŸ¼ I'm not gonna miss that opportunity for sure. #Ù…ÙˆØ³Ù…_Ø§Ù„Ø±ÙŠØ§Ø¶ #RiyadhSeason https://t.co/pIr0vCPuiC"
32,ana198189,ÙˆØ·Ù†ÙŠ Ø®Ø· Ø£Ø­Ù…Ø± Ø§Ù„Ø¨Ø§Ù‚ÙŠÙ† Ù…Ø¹ Ù†ÙØ³Ù‡Ù… Ø¹Ø³ÙƒØ±ÙŠ #Ø§Ù„Ø±ÙŠØ§Ø¶ Ø¹Ø§ØµÙ…Ø© Ø§Ù„Ø¹Ø§Ù„Ù… #ÙŠÙ†Ø¨Ø¹ Ø¹Ø§ØµÙ…Ø© Ø§Ù„Ù‚Ù„Ø¨,ÙŠÙ†Ø¨Ø¹ Ø§Ù„ØµÙ†Ø§Ø¹ÙŠØ©,['WinterWonderland'],"A dedicated celebration hall in #WinterWonderland for your child's special day ğŸ¥³

Now you can personalize your kid's party in four wonderful themes and enjoy watching your child jumps out of joy ğŸ‰

#RiyadhSeason"
33,hani0ss,,Kingdom of Saudi Arabia,['RiyadhSeason'],#RiyadhSeason is wonderful and has variety of Choices for all visitors I liked visiting Oasis this year  @RiyadhSeason https://t.co/9hQy0m2XTH
34,MassageOrHammam,#MassageRiyadh,Kingdom of Saudi Arabia,"['riyadhmassage', 'massage_vip_riyadh', 'Ø§ÙƒØ³Ø¨Ù„ÙˆØ±_explore', 'massage_in_riyadh', 'AlHilal', 'RiyadhSeason', 'WinterWonderland']","Massage or Morrocan Bath! 

Whatsapp: Ù Ù¥Ù¤Ù¥Ù¡Ù©Ù¨Ù¤Ù¢Ù©

#riyadhmassage 
#massage_vip_riyadh 
#Ø§ÙƒØ³Ø¨Ù„ÙˆØ±_explore 
#massage_in_riyadh 
#AlHilal 
#RiyadhSeason  #WinterWonderland https://t.co/w6GfNz01Bd"
35,Japs92804708,"Massage therapist here at riyadh
watsapp 0541093846  message my watsapp
shaving and moroccan bath also available","Ø§Ù„Ø±ÙŠØ§Ø¶, Ø§Ù„Ù…Ù…Ù„ÙƒØ© Ø§Ù„Ø¹Ø±Ø¨ÙŠØ© Ø§Ù„Ø³Ø¹ÙˆØ¯","['Riyadhfullservice', 'Riyadh', 'massage_in_riyadh', 'riyadh_massage_vip', 'riyadhmassage', 'MassagesRiyadh', 'RiyadhSeason', 'massage_in_riyadh']","0541093846

Are u Tired? Time to Relax 

Book yours !

Shaving  for free today if you avail our vip... massage with morrocan bath ..for 350 sr

#Riyadhfullservice #Riyadh
#massage_in_riyadh  #riyadh_massage_vip
#riyadhmassage  #MassagesRiyadh
#RiyadhSeason #massage_in_riyadh https://t.co/9UlwwwjbkF"
36,Assihrr,Ø¹Ø§ØµÙŠÙ‘ ğŸ @AlYamamah_Uni,"Riyadh, Kingdom of Saudi Arabia","['Ù…ÙˆØ³Ù…_Ø§Ù„Ø±ÙŠØ§Ø¶', 'RiyadhSeason', 'Ø¨ÙˆÙ„ÙŠÙØ§Ø±Ø¯_Ø±ÙŠØ§Ø¶_Ø³ÙŠØªÙŠ', 'BoulevardRiyadhCity', 'Ù‚ØµØ¨Ø©', 'Ù…Ø·Ø§Ø¹Ù…_Ø§Ù„Ø±ÙŠØ§Ø¶', 'ÙƒØ§ÙÙŠÙ‡Ø§Øª_Ø§Ù„Ø±ÙŠØ§Ø¶']","Morocco vibes ğŸµ
#Ù…ÙˆØ³Ù…_Ø§Ù„Ø±ÙŠØ§Ø¶ #RiyadhSeason 
#Ø¨ÙˆÙ„ÙŠÙØ§Ø±Ø¯_Ø±ÙŠØ§Ø¶_Ø³ÙŠØªÙŠ #BoulevardRiyadhCity #Ù‚ØµØ¨Ø© 
#Ù…Ø·Ø§Ø¹Ù…_Ø§Ù„Ø±ÙŠØ§Ø¶ #ÙƒØ§ÙÙŠÙ‡Ø§Øª_Ø§Ù„Ø±ÙŠØ§Ø¶ https://t.co/SBIW9sbdV3"
37,kaald1941,,,['WinterWonderland'],"A dedicated celebration hall in #WinterWonderland for your child's special day ğŸ¥³

Now you can personalize your kid's party in four wonderful themes and enjoy watching your child jumps out of joy ğŸ‰

#RiyadhSeason"
38,abdulrahmanjoum,,,['RiyadhSeason'],A quick tour to The Boulevard #RiyadhSeason https://t.co/VqVVldn0jm
39,aibeelicious,"Sexy-chubby ğŸ˜‹
Nurse ğŸ‡µğŸ‡­
Traveller ğŸ‡¸ğŸ‡¦ğŸ‡ªğŸ‡¬ğŸ‡¦ğŸ‡ªğŸ‡¶ğŸ‡¦ğŸ‡§ğŸ‡­ğŸ‡ºğŸ‡¸ğŸ‡¹ğŸ‡·
DancerğŸ”ŠğŸ“¢ğŸ¶
Postcrosser ğŸ’ŒğŸ“¬
Photographer ğŸ“·ğŸ“¸","Dammam, KSA","['winterwonderland', 'riyadhwinterwonderland', 'riyadhseason', 'riyadh', 'riyadhcity', 'ksa', 'wintervibes', 'winter2022', 'feb2022', 'aibeelicious', 'aibeentures', 'aibee', 'riyadhtrip']",#winterwonderland #riyadhwinterwonderland #riyadhseason #riyadh #riyadhcity #ksa #wintervibes #winter2022 #feb2022 #aibeelicious #aibeentures #aibee #riyadhtrip @ Riyadh Winter Wonderland https://t.co/XrLa0ktnNv
40,isnatch_,"Sociologist Studend, and care about others things.",Kingdom of Saudi Arabia,['Riyadhseason'],Great variety and different entertainment areas all in the #Riyadhseason. https://t.co/DRNjgyO90r
41,aibeelicious,"Sexy-chubby ğŸ˜‹
Nurse ğŸ‡µğŸ‡­
Traveller ğŸ‡¸ğŸ‡¦ğŸ‡ªğŸ‡¬ğŸ‡¦ğŸ‡ªğŸ‡¶ğŸ‡¦ğŸ‡§ğŸ‡­ğŸ‡ºğŸ‡¸ğŸ‡¹ğŸ‡·
DancerğŸ”ŠğŸ“¢ğŸ¶
Postcrosser ğŸ’ŒğŸ“¬
Photographer ğŸ“·ğŸ“¸","Dammam, KSA","['winterwonderland', 'riyadhwinterwonderland', 'riyadhseason', 'riyadh', 'riyadhcity', 'ksa', 'wintervibes', 'winter2022', 'feb2022', 'aibeelicious', 'aibeentures', 'aibee', 'riyadhtrip']",#winterwonderland #riyadhwinterwonderland #riyadhseason #riyadh #riyadhcity #ksa #wintervibes #winter2022 #feb2022 #aibeelicious #aibeentures #aibee #riyadhtrip @ Riyadh Winter Wonderland https://t.co/0C2qU5JlY5
42,ciossaee,"ambivert â—â—â— ERnurse â—â—â— ARMYğŸ’œ â—â—â— currently in DMM // oh & yea, my twts are mostly random rants. scroll down at ur own risk--ig: https://t.co/sC7xUPumHv","ZC, Philippines","['ofwdiaries', 'ofwlife', 'igphilippines', 'igfun', 'exploresaudi', 'riyadhseason', 'winterwonderlandriyadh']","ğ•”ğ• ğ•«' ğ•“ğ•–ğ•šğ•Ÿğ•˜ ğ•™ğ•’ğ•¡ğ•¡ğ•ª ğ•Ÿğ•–ğ•§ğ•–ğ•£ ğ•˜ğ• ğ•–ğ•¤ ğ• ğ•¦ğ•¥ ğ• ğ•— ğ•¤ğ•¥ğ•ªğ•ğ•–...ã‹¡
.
.
.
.
.
.
.
#ofwdiaries #ofwlifeğŸ‡µğŸ‡­ 
#igphilippines #igfun
#exploresaudi
#riyadhseason
#winterwonderlandriyadh @ Riyadh Winter Wonderland https://t.co/adnn6A6rd9"
43,mohammedtandja,"'Sereh gabeh wa soyini an danÅ‹a, xa horeh Ã±iÄna a camben wureh.' - A Soninkeh proverb ğŸ˜œ",I'm right here,"['RiyadhSeason', 'MiddleBeast']","@KSAExpo2020 Shame on you ğŸ‡¸ğŸ‡¦#RiyadhSeason #MiddleBeast @Turki_alalshikh @KSAMOFA @KingSalman @TurkiHAlhamad1 @70sul cc @arabtimes_ 
Bilaad-ul-HaramaynğŸ¤¡ https://t.co/7z9gMt52AN"
44,AlkhaldiShaman,"entertainment lover, I share this love with all of you ğŸ¥ğŸ­ğŸ¤¹ğŸ»â€â™‚ï¸ğŸªğŸŸğŸ","Riyadh, Kingdom of Saudi Arabi","['Museum', 'RiyadhSeason']","At the Mystery #Museum you will have an amazing journey and things are not always what they seem.

#RiyadhSeason https://t.co/R2hEGKxl8b"
45,D2nte,Y A S S E R,"Jazan, Kingdom of Saudi Arabia","['onemanarmy', 'saudipowerlifting', 'riyadhseason', 'Ù…ÙˆØ³Ù…_Ø§Ù„Ø±ÙŠØ§Ø¶', 'fitnessmotivation', 'bodybuilding', 'lifestyle', 'sport', 'likeforlikealways', 'following', 'ufc', 'boxing', 'model', 'photography', 'floger', 'onepiece']","Itâ€™s what itâ€™s 
#onemanarmy #saudipowerlifting #riyadhseason #Ù…ÙˆØ³Ù…_Ø§Ù„Ø±ÙŠØ§Ø¶ #fitnessmotivation #bodybuilding #lifestyle #sport #likeforlikealways #following #ufc #boxing #model #photography #floger #onepiece https://t.co/WK6h0ZvQqB"
46,EKHNews_EN,The official account of @AlEkhbariyaTV News Channel in English,Saudi Arabia ,"['RiyadhSeason', 'EKHNews_EN']","The #RiyadhSeason entertainment program has achieved 4 unprecedented record number in the Guinness World Records, which kicked off four months ago, through a variety of entertainment activities such as games, exhibitions, and concerts.

#EKHNews_EN https://t.co/NbIlakURLK"
47,AlaziqAlzailaie,Ø´Ø±ÙƒØ© Ø§Ù„Ø¹Ø²Ù‚ ÙˆØ§Ù„Ø²ÙŠÙ„Ø¹ÙŠ Ù…Ø­Ø§Ø³Ø¨ÙˆÙ† Ù‚Ø§Ù†ÙˆÙ†ÙŠÙˆÙ† Ù…ØªØ®ØµØµØ©  ÙÙŠ Ø§Ù„Ù…Ø±Ø§Ø¬Ø¹Ø©  ÙˆØ§Ù„Ø¶Ø±Ø§Ø¦Ø¨ ÙˆØ§Ù„Ø§Ø³ØªØ´Ø§Ø±Ø§Øª ÙˆØ§Ù„Ù…Ø­Ø§Ø³Ø¨Ø© Ø§Ù„Ù‚Ø¶Ø§Ø¦ÙŠØ© ÙˆÙ†Ù‚Ø¯Ù… Ø®Ø¯Ù…Ø§ØªÙ†Ø§  ÙÙŠ Ø¬Ù…ÙŠØ¹ Ù…Ù†Ø§Ø·Ù‚ Ø§Ù„Ù…Ù…Ù„ÙƒØ©,"Riyadh, Jeddah, Dammam, Abha","['inflation', 'ihacpa', 'zatca', 'iapa', 'saudivision2030', 'saudiarabia', 'jeddah', 'riyadh', 'riyadhseason', 'socpa', 'tax', 'Ø²Ø§ØªÙƒØ§', 'inflation']","According to official Saudi data, Saudi Arabiaâ€™s annual #inflation rate is unchanged from December 2021,s figure and stabilizes in January at 1.2 percent.

#ihacpa #zatca #iapa #saudivision2030 #saudiarabia #jeddah #riyadh #riyadhseason #socpa #tax #Ø²Ø§ØªÙƒØ§  #inflation"
48,iamstarofriyadh,â­ï¸DECENT and CLASSY guy for SAME â­ï¸ I AM DIFFERENT KEEP THAT IN MIND â­ï¸QUALITY over QUANTITY #riyadh #ksa #twink #massage #asian #sweetboy #koreanstyle #cute,"Riyadh, Kingdom of Saudi Arabia","['ValentinesDay2022', 'ValentinesDay', 'riyadh', 'ksa', 'olaya', 'asian', 'fashionstyle', 'arab', 'RiyadhSeason', 'SaudiArabia']","Happy Valentineâ€™s Day. â¤ï¸â¤ï¸
Happy Birthday. ğŸ‚ğŸ‚

#ValentinesDay2022 #ValentinesDay #riyadh #ksa #olaya #asian #fashionstyle #arab #RiyadhSeason #SaudiArabia https://t.co/iBWRQIxCSz"
49,wsam_aljbaly,Ø§Ù„Ø¬ÙŠØ´ Ø§Ù„Ù…ØµØ±ÙŠ Ù‡ÙˆÙ‡ Ø­Ø§Ù…ÙŠ Ø§Ù„Ø§Ø±Ø¶ ÙˆØ§Ù„Ø¹Ø±Ø¶ Ø¨Ø¹Ø¯ Ø§Ù„Ù„Ù‡ /  Ø­Ø³Ø§Ø¨ÙŠ Ø§Ù„Ø§ØµÙ„ÙŠ ØªÙ… ØªÙ‚ÙŠÙŠØ¯Ù‡  @JasrFwaz,,"['FlyForLess', 'RiyadhSeason', 'Cairo']","You can now #FlyForLess to #RiyadhSeason starting from EGP 1,999* 
Book now on https://t.co/bm0EO8jGDW and fly to #Cairo to #Riyadh on #flyadeal Saudi Arabiaâ€™s Everyday Low Fares airline ğŸ‡ªğŸ‡¬âœˆï¸ğŸ‡¸ğŸ‡¦
*Seats Limited
*1 way fare includes 7kg carry-on bag, 15kg check-in bag &amp; light meal https://t.co/hj95sUAC64"
50,miraymano,,"Riyadh, Kingdom of Saudi Arabia","['MIRAYMANO', 'MYM', 'Charah', 'CharahAbaya', 'RiyadhOasis', 'RiyadhSeason']","BRIGHT IDEA:
Take dressing to the next level with mood-boosting styles you can wear from desk to dinner.

Designer â€“ CHARAH

Tap the link in our bio to shop #MIRAYMANO

#MYM #Charah #CharahAbaya #RiyadhOasis #RiyadhSeason https://t.co/a1YE775C5a"
51,Tc2AM,An aspiring artist. I believe happiness depends upon ourselves.,Riyadh,['RiyadhSeason'],"On February 25, many Kuwaiti singers will throw a concert in #RiyadhSeason. The season is getting better and better everyday ğŸ˜ğŸ¥³ https://t.co/iAzegbUvXJ"
52,naiif_a32,Creator ğŸ¥interested in Saudi  future & Projects  #Ù…ÙˆØ³Ù…_Ø§Ù„Ø±ÙŠØ§Ø¶ .#RiyadhSeason.,Saudi Arabia. Riyadh.  ,"['Ù…ÙˆØ³Ù…_Ø§Ù„Ø±ÙŠØ§Ø¶', 'RiyadhSeason']","If you love adventures and fair nothing? You should try these games in Riyadh BoulevardğŸ”¥ğŸ”¥ğŸ”¥ 
#Ù…ÙˆØ³Ù…_Ø§Ù„Ø±ÙŠØ§Ø¶ #RiyadhSeason  https://t.co/gE2pwM8OFQ"
53,RehamALnumeiR,"Your life is your garden and ur thoughts are ur seeds,so if ur life isn't awesome u must be watering the weeds!ğŸ’
ğŸ¶-ğŸ’™Ù…Ù†Ù‚Ø°Ø© Ø§Ù„ÙÙ† Ø§Ù„Ø¹Ø±Ø¨ÙŠ
@elissakh Fan account","Riyadh, kingdom of Saudi Arabi","['RiyadhSeason', 'ValentinesDay2022']","an unforgettable night  #RiyadhSeason 
@elissakh  â™¥ï¸ #ValentinesDay2022 https://t.co/0pTq9St1Hm"
54,RiyadhEvents6,Girls Entertainers in Riyadh for your private hotel room.,,"['Riyadh', 'RiyadhSeason', 'riyadhdating', 'Riyadhfullservice', 'riyadhmassage', 'Saudivision2030', 'riyadhgirls']","Arabic Girls in #Riyadh Saudi Arabia ğŸ‡¸ğŸ‡¦, they come only in your hotel room.
ğŸ“² +966 50 858 0323 ğŸ­ ğŸ‡¸ğŸ‡¦
#RiyadhSeason #riyadhdating #Riyadhfullservice #riyadhmassage #Saudivision2030 #riyadhgirls https://t.co/wVpYZH2ylH"
55,ElDokshe,â€â€â€â€â€â€â€â€â€â€â€â€â€â€â€â€â€â€â€â€â€Ø§Ù„Ù„Ù‡Ù… ØµÙ„ Ø¹Ù„Ù‰ Ø³ÙŠØ¯Ù†Ø§ Ù…Ø­Ù…Ø¯,  ğŸ‡ªğŸ‡¬Ø§ØµÙ„ Ø§Ù„Ø³Ø¹ÙˆØ¯ÙŠØ© ÙˆØ£ÙØªØ®Ø± ğŸ‡¸ğŸ‡¦,"['FlyForLess', 'RiyadhSeason', 'Cairo']","You can now #FlyForLess to #RiyadhSeason starting from EGP 1,999* 
Book now on https://t.co/bm0EO8jGDW and fly to #Cairo to #Riyadh on #flyadeal Saudi Arabiaâ€™s Everyday Low Fares airline ğŸ‡ªğŸ‡¬âœˆï¸ğŸ‡¸ğŸ‡¦
*Seats Limited
*1 way fare includes 7kg carry-on bag, 15kg check-in bag &amp; light meal https://t.co/hj95sUAC64"
56,MaroElissa_,Fan account @elissakh,,"['RiyadhSeason', 'ValentinesDay2022']","an unforgettable night  #RiyadhSeason 
@elissakh  â™¥ï¸ #ValentinesDay2022 https://t.co/0pTq9St1Hm"
57,nasser_khalid99,Entertainment is always the best ğŸ˜,Ø§Ù„Ù…Ù…Ù„ÙƒØ© Ø§Ù„Ø¹Ø±Ø¨ÙŠØ© Ø§Ù„Ø³Ø¹ÙˆØ¯ÙŠØ©,"['RiyadhSeason', 'SaudiArabia']","The #RiyadhSeason is not limited to entertainment events only, but also to social, cultural and other events that show high national efforts in various fields such as the â€œMade in #SaudiArabiaâ€ exhibition, in which we witnessed the national industries ğŸ˜ğŸ’š https://t.co/ClfcZP9HwO"
58,missdode2,W,,"['RiyadhSeason', 'ValentinesDay2022']","an unforgettable night  #RiyadhSeason 
@elissakh  â™¥ï¸ #ValentinesDay2022 https://t.co/0pTq9St1Hm"
59,Attieh_official,"Status Single | Photography ğŸ“· | Religion is Muslim | Palestine ğŸ‡µğŸ‡¸ | â¤ï¸ Elissa,Nadine Nassib Njam Angelina jolie | Real Madrid Al Ahly","Domiat, Egypt","['RiyadhSeason', 'ValentinesDay2022']","an unforgettable night  #RiyadhSeason 
@elissakh  â™¥ï¸ #ValentinesDay2022 https://t.co/0pTq9St1Hm"
60,theSaudiNewsOff,"Saudi & International News In Real Time.

#SaudiArabia #SaudiNews #MiddleEastNews #ArabNews #internationalnews #KSANews #businessnews #lifestyle #culture",,['RiyadhSeason'],"#RiyadhSeason has attracted more than 11 million people since it launched last November, with tourists from 125 countries among the visitors. https://t.co/7RWOYHIZVT"
61,alriyadhdaily,First English daily published from the Saudi capital.. contact us: RD@alriyadhdaily.com,Saudi Arabia,"['RiyadhSeason', 'GuinnessWorldRecords']","#RiyadhSeason Entertainment Program Achieves Four #GuinnessWorldRecords  
-
https://t.co/Skzq6TKAAY https://t.co/f4knX5pojW"
62,rashidhasanuni,"Be the voice for those who can't speak

âœSr. Correspondent @arabnews 
âœFormer Correspondent @uniindianews
âœFormer Reporter @DDNewslive
âœP.G Dip Journalism @YMCA","Ø§Ù„Ø±ÙŠØ§Ø¶, Ø§Ù„Ù…Ù…Ù„ÙƒØ© Ø§Ù„Ø¹Ø±Ø¨ÙŠØ© Ø§Ù„Ø³Ø¹ÙˆØ¯",['RiyadhSeason'],"@RiyadhSeason has attracted more than 11 million people since it launched last November, with tourists from 125 countries among the visitors.Â 
@GEA_SA

#RiyadhSeason visitors cross 11 million mark https://t.co/wvCgc4htaR"
63,_SA53_,Ø­Ø³Ø§Ø¨ÙŠ Ø§Ù„Ø§Ø­ØªÙŠØ§Ø·ÙŠ,,"['JoyAwards', 'RiyadhSeason']","Definition of a joyful nightâ€¦ Thank you for having me #JoyAwards
@CelineDagher_
@BassamFattouh 
@GElMendelek 
#RiyadhSeason https://t.co/J3ULCdtalW"
64,KMaster49620335,"New Music Weekly On Our ""Digger"" Playlists & Partners With @rockedisonmusic ğŸ¸ğŸ¸ğŸ¸",,"['FlyForLess', 'RiyadhSeason', 'Cairo']","You can now #FlyForLess to #RiyadhSeason starting from EGP 1,999* 
Book now on https://t.co/bm0EO8jGDW and fly to #Cairo to #Riyadh on #flyadeal Saudi Arabiaâ€™s Everyday Low Fares airline ğŸ‡ªğŸ‡¬âœˆï¸ğŸ‡¸ğŸ‡¦
*Seats Limited
*1 way fare includes 7kg carry-on bag, 15kg check-in bag &amp; light meal https://t.co/hj95sUAC64"
65,miraymano,,"Riyadh, Kingdom of Saudi Arabia","['MIRAYMANO', 'MYM', 'PearlCollection', 'RiyadhOasis', 'RiyadhSeason']","DAYDREAMING:
Make these chic and cozy essentials your ultimate choice to create urban style.

Designer â€“ PEARL COLLECTION

Tap the link in our bio to shop #MIRAYMANO

#MYM #PearlCollection #RiyadhOasis #RiyadhSeason https://t.co/IztSv6PagX"
66,DGASaudi,"Ø§Ù„Ø­Ø³Ø§Ø¨ Ø§Ù„Ø±Ø³Ù…ÙŠ Ù„Ù€ #Ù‡ÙŠØ¦Ø©_Ø§Ù„Ø­ÙƒÙˆÙ…Ø©_Ø§Ù„Ø±Ù‚Ù…ÙŠØ© | Ù†Ø­Ùˆ ÙˆØ·Ù† Ø±Ù‚Ù…ÙŠ Ø·Ù…ÙˆØ­.
Ù†Ø³Ø¹Ø¯ Ø¨Ø®Ø¯Ù…ØªÙƒÙ… Ø¹Ù„Ù‰ Ø­Ø³Ø§Ø¨ Ø§Ù„Ø¹Ù†Ø§ÙŠØ© Ø¨Ø§Ù„Ø¹Ù…Ù„Ø§Ø¡ @dgacare",Kingdom of Saudi Arabia,"['Saudi_Industry', 'riyadhseason']",His Excellency the Governor @ahmedalsuwaiyan participated in the #Saudi_Industry conference in conjunction with the â€œMade in Saudi Arabiaâ€ exhibition within the activities of #riyadhseason under the patronage of His Excellency the Minister of Industry and Mineral Resources
67,kaald1941,,,['Saudi'],"In the presence of Minister of Energy Prince Abdulaziz Bin Salman the â€œ#Saudi Madeâ€ Exhibition and Conference kicked off yesterday as part of the #RiyadhSeason at the Riyadh Front, which is one of the #Riyadh Season zones. @SaudiMade https://t.co/mxnu9OOeyI"
68,EKHNews_EN,The official account of @AlEkhbariyaTV News Channel in English,Saudi Arabia ,"['Saudi', 'RiyadhSeason', 'Riyadh']","In the presence of Minister of Energy Prince Abdulaziz Bin Salman the â€œ#Saudi Madeâ€ Exhibition and Conference kicked off yesterday as part of the #RiyadhSeason at the Riyadh Front, which is one of the #Riyadh Season zones. @SaudiMade https://t.co/mxnu9OOeyI"
69,AlkhaldiShaman,"entertainment lover, I share this love with all of you ğŸ¥ğŸ­ğŸ¤¹ğŸ»â€â™‚ï¸ğŸªğŸŸğŸ","Riyadh, Kingdom of Saudi Arabi",['RiyadhSeason'],"Open Mic Night is the perfect event to unleash your talents!  You can assign your role and dazzle us with your talent, whether it's dancing, singing, playing, stand-up comedy or Poetry.

#RiyadhSeason https://t.co/9baQZPSqZf"
70,rbbaa123,â€œEvery child is an artist. The problem is how to remain an artist once he grows up.â€,Riyadh,"['BLVDRiyadh', 'RiyadhSeason']","Iâ€™m so in love with #BLVDRiyadh, to the point where Iâ€™m there almost every weekend, #RiyadhSeason really out done themselves with the events and zones this year ğŸ¤

 https://t.co/gsqcvp9LjR"
71,alriyadhdaily,First English daily published from the Saudi capital.. contact us: RD@alriyadhdaily.com,Saudi Arabia,['RiyadhSeason'],"#RiyadhSeason has realized exceptional figures since launching its events, where the number of visitors exceeded 11 million (@RiyadhSeason)
-
https://t.co/pxARwGRWIJ https://t.co/ZfVzWJYNpa"
72,rockedisonmusic,"Global Rock Music Coalition

Rock Band

4 Dog Studio Productions
Rock Music is alive and well",USA,"['FlyForLess', 'RiyadhSeason', 'Cairo']","You can now #FlyForLess to #RiyadhSeason starting from EGP 1,999* 
Book now on https://t.co/bm0EO8jGDW and fly to #Cairo to #Riyadh on #flyadeal Saudi Arabiaâ€™s Everyday Low Fares airline ğŸ‡ªğŸ‡¬âœˆï¸ğŸ‡¸ğŸ‡¦
*Seats Limited
*1 way fare includes 7kg carry-on bag, 15kg check-in bag &amp; light meal https://t.co/hj95sUAC64"
73,Sayhey745147392,,,"['RiyadhSeason', 'ValentinesDay2022']","an unforgettable night  #RiyadhSeason 
@elissakh  â™¥ï¸ #ValentinesDay2022 https://t.co/0pTq9St1Hm"
74,RiyadhConnect,For everything in Riyadh! ØªØ§Ø¨Ø¹ÙˆÙ†Ø§ Ù„Ù„Ø­ØµÙˆÙ„ Ø¹Ù„Ù‰ ÙƒÙ„ Ù…Ø§ØªÙˆØ¯ Ù…Ø¹Ø±ÙØªÙ‡ Ù…Ù† Ø£Ø­Ø¯Ø§Ø« ÙˆØ£Ø®Ø¨Ø§Ø± ÙˆÙ…Ù†Ø§Ø³Ø¨Ø§Øª ØªØ±ÙÙŠÙ‡ÙŠÙ‡ ÙˆØ«Ù‚Ø§ÙÙŠÙ‡ Ù…Ù…ÙŠØ²Ø© ÙÙŠ Ø§Ù„Ø±ÙŠØ§Ø¶ Email:Riyadhconnect@gmail.com,"Riyadh, Saudi Arabia  Ø§Ù„Ø±ÙŠØ§Ø¶","['riyadhseason', 'riyadh', 'saudiarabia', 'riyadhconnect', 'Ù…ÙˆØ³Ù…_Ø§Ù„Ø±ÙŠØ§Ø¶']","The number of visitors to the Riyadh season has surpassed 11 million, with 1 million overseas tourists ğŸ‘ğŸ¼ğŸ‘ğŸ¼ğŸ‘ğŸ¼ğŸ‡¸ğŸ‡¦
150000 jobs in the process ! 
#riyadhseason #riyadh #saudiarabia #riyadhconnect  #Ù…ÙˆØ³Ù…_Ø§Ù„Ø±ÙŠØ§Ø¶ https://t.co/gvgZzhehkX"
75,taymm316,"â€â€â€â€â€â€â€â€â€â€â€â€Ù…Ùˆ Ø´Ø±Ø· ØªÙƒÙˆÙ† Ø´Ø®Øµ Ø³ÙŠØ¦

Ø­ØªÙ‰ Ø§Ø°Ø§ ÙƒÙ†Øª Ù…Ù†ÙŠØ­

 Ø±Ø­ ÙŠØ­ÙƒÙˆ Ø¹Ù„ÙŠÙƒ","Bavaria, Germany","['RiyadhSeason', 'ValentinesDay2022']","an unforgettable night  #RiyadhSeason 
@elissakh  â™¥ï¸ #ValentinesDay2022 https://t.co/0pTq9St1Hm"
76,MMnajim5,"software engineering ğŸ‘¨ğŸ¾â€ğŸ’» proudly iraq ğŸ‡®ğŸ‡¶, love/like God , my family and the one & only ELISSA followed by her ğŸ’œ @elissakh Ù…Ù† Ø¨Ù„Ø§Ø¯ Ù…Ø§ Ø¨ÙŠÙ† Ø§Ù„Ù†Ù‡Ø±ÙŠÙ†","Baghdad , Iraq ","['RiyadhSeason', 'ValentinesDay2022']","an unforgettable night  #RiyadhSeason 
@elissakh  â™¥ï¸ #ValentinesDay2022 https://t.co/0pTq9St1Hm"
77,reema_elissa,"Fan Account For Our Angel @ElissaKhğŸ¤Pictures,Videos,News,Songs And Everything About Our Elissa Will Share It Here | Followed by her 1\1\2022 @nassima_elissa âœ¨","Jeddah, Saudi Arabia ğŸ’š","['RiyadhSeason', 'ValentinesDay2022']","an unforgettable night  #RiyadhSeason 
@elissakh  â™¥ï¸ #ValentinesDay2022 https://t.co/0pTq9St1Hm"
78,37accountsa,We Make Ideas a Reality,"Saudi Arabia, Riyadh","['event', 'eventplanner', 'eventdesign', 'eventplanning', 'eventmanagement', 'saudiseasons', 'formula1', 'riyadhseason']","We Take Your Event To The Next Level

#event #eventplanner #eventdesign #eventplanning #eventmanagement #saudiseasons #formula1 #riyadhseason https://t.co/cz3L3eBh0z"
79,Kenmassajj012,Massajj 0532639183 â„ï¸â¤ï¸ğŸ’™,"Riyadh, Kingdom of Saudi Arabi","['riyadhmassage', 'riyadh_massage', 'RiyadhSeason', 'Riyadhfullservice', 'massage_in_riyadh', 'massage_vip_riyadh']","Hello I'm KenğŸ˜ğŸ‘‹

Available now for Relaxing Massage and Hammam magrabi also free Shaving today!!!

Whatsapp 0532639183
#riyadhmassage
#riyadh_massage
#RiyadhSeason
#Riyadhfullservice
#massage_in_riyadh
#massage_vip_riyadh https://t.co/qgbNNUyce8"
80,Abdulrhmanalban,"ğŸ‡¸ğŸ‡¾DamascusğŸ ,ğŸ‡¸ğŸ‡¦RiyadhğŸ“,ğŸ‡¯ğŸ‡´AmmanğŸ“",Riyadh,"['RiyadhSeason', 'ValentinesDay2022']","an unforgettable night  #RiyadhSeason 
@elissakh  â™¥ï¸ #ValentinesDay2022 https://t.co/0pTq9St1Hm"
81,MasahaKWT,Up to date news and trends in & around Kuwait ğŸ‡°ğŸ‡¼,Kuwait,"['SaudiArabia', 'Kuwait', 'RiyadhSeason', 'KuwaitNationalDay']","The Chairman of the General Entertainment Authority of #SaudiArabia Turki Al-Shikh announced on Twitter hosting a special celebration day for #Kuwait on the 25th of Feb entitled, ""A Night in love of Kuwait"", as part of the activities of the #RiyadhSeason.

#KuwaitNationalDay https://t.co/a9CO6r5lha"
82,MayaSu0696,Don't be shy sending me message,,"['massageinRiyadh', 'RiyadhSeason']","Cold evening â„ï¸ 

#massageinRiyadh 
#RiyadhSeason https://t.co/oUu6kgBkha"
83,Poks49705435,"Massage therapist here at riyadh
watsapp 0541093846
no home services",Riyadh ,"['riyadh_massage', 'riyadh_Fullbodymassage', 'massageinRiyadh', 'riyadh_Fullbodymassage', 'Riyadhfullservice', 'RiyadhSeason']","Massage with morrocan batha
Vip  room free shaving

Masssge.
Hamam magrabi:.-:
Morrocan bath

Whatsapp me:ğŸ‘‡ğŸ‘‡ğŸ‘‡
0541093846

âŒno home serviceâŒ

#riyadh_massage #riyadh_Fullbodymassage
#massageinRiyadh #riyadh_Fullbodymassage #Riyadhfullservice #RiyadhSeason https://t.co/nUMsjcYT1e"
84,cleartripmena,Making Travel Simple https://t.co/yXfYFogtT4,,"['VisitSaudi', 'Cleartrip', 'TravelWithCleartrip', 'RiyadhSeason', 'SaudiArabia']","Lose yourself in The Groves at Riyadh Season!

An enormous area to imagine, with fascinating activities, global restaurants, shows, and performances around, The Groves has so far been a tremendous hit. 
#VisitSaudi #Cleartrip #TravelWithCleartrip #RiyadhSeason #SaudiArabia https://t.co/nNJpYif3r4"
85,yasser_moh543,"Proudly, Working on AlUla â›°ğŸ¤, interested in Tourism... this pic is realğŸ˜â›° ^ #RestartTourism",Ø§Ù„Ø³Ø¹ÙˆØ¯ÙŠØ© Al-Ula,"['RiyadhSeason', 'Saudi', 'Ù…ÙˆØ³Ù…_Ø§Ù„Ø±ÙŠØ§Ø¶']","11 Million visitors to the #RiyadhSeason this year and 1 million visitors came from outside #Saudi Arabia ğŸ˜!
Riyadh will be the best destination in the Middle East ğŸ™ğŸ»ğŸ¤ğŸ’š #Ù…ÙˆØ³Ù…_Ø§Ù„Ø±ÙŠØ§Ø¶ https://t.co/gFDafXXHRT https://t.co/JXoCE2PhiB"
86,nasser_khalid99,Entertainment is always the best ğŸ˜,Ø§Ù„Ù…Ù…Ù„ÙƒØ© Ø§Ù„Ø¹Ø±Ø¨ÙŠØ© Ø§Ù„Ø³Ø¹ÙˆØ¯ÙŠØ©,"['RiyadhSeason', 'Saudi']",These numbers confirm the success of the #RiyadhSeason with the effort of ambitious #Saudi youth and unlimited support from the Saudi leadership in the entertainment sector ğŸ˜ğŸ‘ğŸ» https://t.co/4AScuL8SEH
87,uu_aziz9,#Ø§Ù„Ø§ØªØ­Ø§Ø¯_Ù‚ÙˆØ©,,"['RiyadhSeason', 'Ù…ÙˆØ³Ù…_Ø§Ù„Ø±ÙŠØ§Ø¶']","historic night for Kuwaiti art in #RiyadhSeason ğŸ˜ğŸ‡¸ğŸ‡¦ğŸ‡°ğŸ‡¼
#Ù…ÙˆØ³Ù…_Ø§Ù„Ø±ÙŠØ§Ø¶ https://t.co/YZGRkbXJAx"
88,MatsuhisaW,"Matsuhisa Restaurants , now 11 locations around the world , we deliver happiness with our food. Always with Kokoro (Heart) post by . @matsuhisajapan #music â¤ï¸",,[],"âœ”ï¸ World-class restaurants 
âœ”ï¸ Live entertainment 
âœ”ï¸ Art activities 
âœ”ï¸ Luxurious spa treatments 

It can only be The Groves, Riyadhâ€™s must-visit dining destination. ğŸ˜‹ 

Plan your trip today: https://t.co/q3GlrqvBPc   

#VisitSaudi #SaudiEvents #RiyadhSeason https://t.co/qATZ3rTWCz"
89,matsuhisajapan,Official supplier #chefNobu design products . https://t.co/t1j2rGqmde @noburestaurants  @matsuhisaw @nobuhotels @crystalcruises. Twt  #TRAVEL #MUSIC #FOOD,Shibuya Hachiko,[],"âœ”ï¸ World-class restaurants 
âœ”ï¸ Live entertainment 
âœ”ï¸ Art activities 
âœ”ï¸ Luxurious spa treatments 

It can only be The Groves, Riyadhâ€™s must-visit dining destination. ğŸ˜‹ 

Plan your trip today: https://t.co/q3GlrqvBPc   

#VisitSaudi #SaudiEvents #RiyadhSeason https://t.co/qATZ3rTWCz"
90,MetwalleG,"â€Ù„ÙŠØ³ Ù…Ù† Ø§Ù„Ø¬ÙŠØ¯ Ø§Ù† ØªÙ†Ø³Ø§ Ù…Ø¹Ø¸Ù… Ø§Ù„Ø¹Ø§Ù„Ù…
Ù„ÙƒÙ† Ù…Ù† Ø§Ù„Ø¬ÙŠØ¯ Ø§Ù† ØªÙ†Ø³ÙŠ Ø§Ù„Ø¹Ø§Ù„Ù… Ø¬Ù…ÙŠØ¹Ø§
ÙˆØªÚ°ÙˆÙ† ØµØ¯Ø§Ù‚Ù‡ Ù…Ø¹ Ø¬Ø¯Ø±Ø§Ù† ØºØ±ÙØªÙƒ Ø§ÙƒØ«Ø± 
ÙÙ‡ÙŠ Ù…Ù† ØªØ­Ù…ÙŠÙƒ Ù…Ù† Ø¹Ø§Ù„Ù… Ø¨Ø§Ø¦Ø³ Ù„ÙŠØ³ Ø¬Ù…ÙŠÙ„Ø§",,"['FlyForLess', 'RiyadhSeason', 'Cairo']","You can now #FlyForLess to #RiyadhSeason starting from EGP 1,999* 
Book now on https://t.co/bm0EO8jGDW and fly to #Cairo to #Riyadh on #flyadeal Saudi Arabiaâ€™s Everyday Low Fares airline ğŸ‡ªğŸ‡¬âœˆï¸ğŸ‡¸ğŸ‡¦
*Seats Limited
*1 way fare includes 7kg carry-on bag, 15kg check-in bag &amp; light meal https://t.co/hj95sUAC64"
91,PollingYe,"P.Y.C for Advisory & Measuring Public Opinion was established in 2013

Ù…Ø±ÙƒØ² #Ø§Ø³ØªØ·Ù„Ø§Ø¹  Ù„ #Ø§Ù„Ø§Ø³ØªØ´Ø§Ø±Ø§Øª Ùˆ #Ù‚ÙŠØ§Ø³_Ø§Ù„Ø±Ø£ÙŠ_Ø§Ù„Ø¹Ø§Ù… ØªÙ… ØªØ£Ø³ÙŠØ³Ù‡ Ø¹Ø§Ù… 2013Ù…",Yemen-Seiyun,"['Riyadh_season', 'RiyadhSeason']","More than 11 million visited the  #Riyadh_season.

#RiyadhSeason
@GEA_SA https://t.co/gmqxt4DtWF"
92,CourtyardRUHNR,Your Gateway for Riyadh's favorite spots.,"Riyadh, Kingdom of Saudi Arabia","['courtyardriyadhnorthernringroad', 'riyadh', 'valentines', 'valentine', 'riyadhhotels', 'riyadhseason']","Treat someone special to a romantic night catching the moment of the special day with your special person on 14 Feb while enjoying our coursers, a romantic meal prepared with love. â¤ï¸ 

#courtyardriyadhnorthernringroad #riyadh #valentines #valentine #riyadhhotels #riyadhseason https://t.co/p0Tz1NQWGT"
93,asiil_q35,"My dream turned into reality, interested in history, archeology and peoples' culture. Proud to be a part of @MOCHeritage","Riyadh, Kingdom of Saudi Arabia",['RiyadhSeason'],"#RiyadhSeason succeeded in achieving record numbers in the number of attendees to events, and this is due to the diversity of events https://t.co/I9lK6QbV7l"
94,nayef_almunif,{ÙˆÙÙ„ÙØ³ÙÙˆÙ’ÙÙ ÙŠÙØ¹Ù’Ø·ÙÙŠÙƒÙ Ø±ÙØ¨Ù‘ÙÙƒÙ ÙÙØªÙØ±Ù’Ø¶ÙÙ‰},,"['chinessfood', 'food', 'riyadhseason', 'riyadhrestaurants', 'restaurants']","Enjoy a loving casual dining experience at Qurtubah branch
#chinessfood #food #riyadhseason #riyadhrestaurants #restaurants #riyadhfood #valantinesday  #love 
#Ù…Ø·Ø¹Ù… #Ø§Ù„Ø±ÙŠØ§Ø¶ #Ø§Ù„Ø±ÙŠØ§Ø¶_Ø§Ù„Ø¢Ù† #Ù…Ø·Ø¹Ù…_ØµÙŠÙ†ÙŠ #Ø§Ù„Ø³Ø¹ÙˆØ¯ÙŠØ©_Ø§Ù„Ø±ÙŠØ§Ø¶ #Ù…ÙˆØ³Ù…_Ø§Ù„Ø±ÙŠØ§Ø¶ #Ù…Ø·Ø§Ø¹Ù…_Ø§Ù„Ø±ÙŠØ§Ø¶ https://t.co/lS2IVbtmdn"
95,eatchinwa,"AlUrubah : 0551055933 / Qurtubah : 0551055299           
Top authentic Chinese restaurant in Riyadh, prepared using traditional Chinese food recipes.","Kingdom of Saudi Arabia, Riyad","['chinessfood', 'food', 'riyadhseason', 'riyadhrestaurants', 'restaurants', 'riyadhfood', 'valantinesday', 'love', 'Ù…Ø·Ø¹Ù…', 'Ø§Ù„Ø±ÙŠØ§Ø¶', 'Ø§Ù„Ø±ÙŠØ§Ø¶_Ø§Ù„Ø¢Ù†', 'Ù…Ø·Ø¹Ù…_ØµÙŠÙ†ÙŠ', 'Ø§Ù„Ø³Ø¹ÙˆØ¯ÙŠØ©_Ø§Ù„Ø±ÙŠØ§Ø¶', 'Ù…ÙˆØ³Ù…_Ø§Ù„Ø±ÙŠØ§Ø¶', 'Ù…Ø·Ø§Ø¹Ù…_Ø§Ù„Ø±ÙŠØ§Ø¶']","Enjoy a loving casual dining experience at Qurtubah branch
#chinessfood #food #riyadhseason #riyadhrestaurants #restaurants #riyadhfood #valantinesday  #love 
#Ù…Ø·Ø¹Ù… #Ø§Ù„Ø±ÙŠØ§Ø¶ #Ø§Ù„Ø±ÙŠØ§Ø¶_Ø§Ù„Ø¢Ù† #Ù…Ø·Ø¹Ù…_ØµÙŠÙ†ÙŠ #Ø§Ù„Ø³Ø¹ÙˆØ¯ÙŠØ©_Ø§Ù„Ø±ÙŠØ§Ø¶ #Ù…ÙˆØ³Ù…_Ø§Ù„Ø±ÙŠØ§Ø¶ #Ù…Ø·Ø§Ø¹Ù…_Ø§Ù„Ø±ÙŠØ§Ø¶ https://t.co/lS2IVbtmdn"
96,miraymano,,"Riyadh, Kingdom of Saudi Arabia","['MIRAYMANO', 'MYM', 'StitchLabel', 'VelvetAbaya', 'RiyadhOasis', 'RiyadhSeason']","STYLE ALERT:
Dial-up with the glam wearing this elegant velvet abaya adorned in tiny pearls on sleeves.

Designer â€“ STITCH LABEL

Tap the link in our bio to shop #MIRAYMANO

#MYM #StitchLabel #VelvetAbaya #RiyadhOasis #RiyadhSeason https://t.co/qkwZrJXffi"
97,ksa_apache,ğŸª¶ Apache is forged in fire and smoke offering a unique dining experience â€¦ ğŸ“±Reservations: 920026922,Riyadh,"['ValentinesDay2022', 'RiyadhSeason', 'Ø¹ÙŠØ¯_Ø§Ù„Ø­Ø¨', 'riyadhnight', 'valentinesday']",Join us at @ksa_apache                               #ValentinesDay2022 #RiyadhSeason #Ø¹ÙŠØ¯_Ø§Ù„Ø­Ø¨ #riyadhnight #valentinesday https://t.co/IX9WElG93v
98,KanYamaKanShow,"Global Theatrical Premiere, Riyadh From Feb 4th 2022. A U.K/Saudi Production.",Riyadh,"['sunday', 'sundaymagic', 'kanyamakan', 'riyadhseason']","Dancing into the last performance of the week! @RiyadhSeason @GEA_SA @KanYamaKanShow
NOW booking until Feb 16th #sunday #sundaymagic #kanyamakan #riyadhseason t https://t.co/1ybxmZvytD"
99,AlaziqAlzailaie,Ø´Ø±ÙƒØ© Ø§Ù„Ø¹Ø²Ù‚ ÙˆØ§Ù„Ø²ÙŠÙ„Ø¹ÙŠ Ù…Ø­Ø§Ø³Ø¨ÙˆÙ† Ù‚Ø§Ù†ÙˆÙ†ÙŠÙˆÙ† Ù…ØªØ®ØµØµØ©  ÙÙŠ Ø§Ù„Ù…Ø±Ø§Ø¬Ø¹Ø©  ÙˆØ§Ù„Ø¶Ø±Ø§Ø¦Ø¨ ÙˆØ§Ù„Ø§Ø³ØªØ´Ø§Ø±Ø§Øª ÙˆØ§Ù„Ù…Ø­Ø§Ø³Ø¨Ø© Ø§Ù„Ù‚Ø¶Ø§Ø¦ÙŠØ© ÙˆÙ†Ù‚Ø¯Ù… Ø®Ø¯Ù…Ø§ØªÙ†Ø§  ÙÙŠ Ø¬Ù…ÙŠØ¹ Ù…Ù†Ø§Ø·Ù‚ Ø§Ù„Ù…Ù…Ù„ÙƒØ©,"Riyadh, Jeddah, Dammam, Abha","['ZATCA', 'ihacpa', 'zatca', 'iapa', 'saudivision2030', 'saudiarabia', 'jeddah', 'riyadh', 'riyadhseason', 'socpa', 'tax', 'ØªØ·Ø¨ÙŠÙ‚_ZATCA', 'Ø²Ø§ØªÙƒØ§']","Its very easy now to submit your tax returns anywhere through #ZATCA App.

#ihacpa #zatca #iapa #saudivision2030 #saudiarabia #jeddah 
#riyadh #riyadhseason #socpa #tax #ØªØ·Ø¨ÙŠÙ‚_ZATCA #Ø²Ø§ØªÙƒØ§"
100,Nourwissam2,,,['RiyadhSeason'],"https://t.co/BGVinvvfNQ
Listen to this beautiful song for a beautiful singer
#RiyadhSeason"
101,naiif_a32,Creator ğŸ¥interested in Saudi  future & Projects  #Ù…ÙˆØ³Ù…_Ø§Ù„Ø±ÙŠØ§Ø¶ .#RiyadhSeason.,Saudi Arabia. Riyadh.  ,"['RiyadhSeason', 'Ù…ÙˆØ³Ù…_Ø§Ù„Ø±ÙŠØ§Ø¶']","If you want a quiet and romantic place you should visit @TheGroves_ in Alsafarat ğŸ˜ğŸ¤ 
#RiyadhSeason #Ù…ÙˆØ³Ù…_Ø§Ù„Ø±ÙŠØ§Ø¶ https://t.co/WPv62vMN2C"
102,wjdd54,the sweetest girl ever,,"['RiyadhSeason', 'Ù…ÙˆØ³Ù…_Ø§Ù„Ø±ÙŠØ§Ø¶']","In #RiyadhSeasonÂ Â Â Â there is a new surprise with each new day, what is happening in Riyadh is unbelievable and  charming !  Thanks to everyone who contributed making this great season
#Ù…ÙˆØ³Ù…_Ø§Ù„Ø±ÙŠØ§Ø¶ https://t.co/5Fot0WAvRS"
103,Wani_t,"They call me Wani..â™Š #Diabetes Ø³ÙƒØ±Ù‡ #T1DğŸ’‰â™¡ Model sometimes ØŒÙ…Ø°ÙŠØ¹Ø© Ø³Ø§Ø¨Ù‚Ø§Ù‹ ğŸ‘»Rt.abayas ,itâ€™s all about feelings â™¡","Jeddah, Kingdom of Saudi Arabia",['RiyadhSeason'],"it was a great weekend ..âœ¨ğŸ˜â™¥ï¸

Thank you #RiyadhSeason ğŸ˜"
104,bengasillos,Urban. Adventure. Relaxation. Family. Modern. Hot. Cold. Extroversion ğŸ‡ºğŸ‡¸ğŸ‡¹ğŸ‡­ğŸ‡¨ğŸ‡µğŸ‡µğŸ‡­,Riyadh,['RiyadhSeason'],The Boulevard Riyadh ğŸ’«ğŸ™ŒğŸ½ğŸ™ŒğŸ½ğŸ‘ŒğŸ½ #RiyadhSeason https://t.co/oImCBZEeTC
105,abadiixz1,Behind the mask,Riyadh,['RiyadhSeason'],Winter wonder land is a place within #RiyadhSeason .. I havenâ€™t been there for about a month.. so this weekend I will definitely be there especially because they opened all the games https://t.co/3H5L1JHHaV
106,Bella0531304346,,"Riyadh, Kingdom of Saudi Arabi","['massage_vip_riyadh', 'MassageFullBodyMassage', 'massagefullservice', 'massageinRiyadh', 'Riyadhfullservice', 'riyadh_Fullbodymassage', 'RiyadhSeason', 'riyadhvipmassage']","Massage and Morrocan Bath 
0531304346
#massage_vip_riyadh 
#MassageFullBodyMassage 
#massagefullservice 
#massageinRiyadh 
#Riyadhfullservice 
#riyadh_Fullbodymassage 
#RiyadhSeason 
#riyadhvipmassage https://t.co/UhsRBSamQi"
107,olivilana,,"Ø§Ù„Ø±ÙŠØ§Ø¶, Ø§Ù„Ù…Ù…Ù„ÙƒØ© Ø§Ù„Ø¹Ø±Ø¨ÙŠØ© Ø§Ù„Ø³Ø¹ÙˆØ¯","['Riyadh', 'RiyadhSeason', 'Khamis_massage', 'saudiarabia', 'Ù†Ø¨ÙŠ_Ø§Ù„Ø³ØªØ±']","Massage in riyadh and khamis 
Whatsap https://t.co/Du5wKtNJev 

#Riyadh #RiyadhSeason 
#Khamis_massage
#saudiarabia 
#Ù†Ø¨ÙŠ_Ø§Ù„Ø³ØªØ± https://t.co/OSsrx8kYjP"
108,bandar9006,"My wish I live in the days of cowboy erağŸ¤ ğŸğŸ’€
Arthur Morgan is the best foreverğŸ–¤
 The bravest undertaker wrestlerâš°ï¸ 
My best game is Red Dead
lover wwe", love restaurants and cafeğŸ‡¸ğŸ‡¦,"['SaudiArabia', 'Saudi', 'Riyadh', 'SaudiArabianGP', 'SaudiArabian', 'Saudivision2030']","Good mornige from Riyadh ğŸ™ğŸ‡¸ğŸ‡¦â›ˆï¸

#SaudiArabia 
#Saudi 
#Riyadh 
#SaudiArabianGP 
#SaudiArabian 
#Saudivision2030 
#Saudi_Arabia 
#RiyadhSeason 
#Weather 
#HappyNewYear2022 
#rain
#HappyFriday
#twitter_off 
#TwitterOFF 
#KSA 
#COVID19 https://t.co/x8MuGKYy4s"
109,Riyadhhere7,"Everything about the city of Riyadh, Saudi Arabia, is a modern and touristic country ğŸ™ï¸âœ¨
Riyadh city, kingdom of Saudi Arabia ğŸ‡¸ğŸ‡¦
 ÙƒÙ„ Ø´ÙŠ Ø¹Ù† Ø§Ù„Ø±ÙŠØ§Ø¶ ÙˆØ§Ù„Ø³Ø¹ÙˆØ¯ÙŠØ©ğŸ“","Riyadh, Saudi Arabia ","['SaudiArabia', 'Saudi', 'Riyadh', 'SaudiArabianGP', 'SaudiArabian', 'Saudivision2030', 'Saudi_Arabia', 'RiyadhSeason', 'Weather', 'HappyNewYear2022', 'rain', 'HappyFriday', 'twitter_off', 'TwitterOFF', 'KSA', 'COVID19']","Good mornige from Riyadh ğŸ™ğŸ‡¸ğŸ‡¦â›ˆï¸

#SaudiArabia 
#Saudi 
#Riyadh 
#SaudiArabianGP 
#SaudiArabian 
#Saudivision2030 
#Saudi_Arabia 
#RiyadhSeason 
#Weather 
#HappyNewYear2022 
#rain
#HappyFriday
#twitter_off 
#TwitterOFF 
#KSA 
#COVID19 https://t.co/x8MuGKYy4s"
110,sam9sch1986d,"Feel free to ask
No home service","Riyadh, Kingdom of Saudi Arabi","['massage_in_riyadh', 'riyadh_massage', 'vipmassage_riyadh', 'Riyadhfullservice', 'RiyadhSeason', 'massage_in_riyadh']","056 7532798
#massage_in_riyadh
#riyadh_massage
#vipmassage_riyadh
#Riyadhfullservice
#RiyadhSeason
#massage_in_riyadh
Pm Me for your bookingâ¤ï¸â¤ï¸ https://t.co/oesYaX1CRZ"
111,sam9sch1986d,"Feel free to ask
No home service","Riyadh, Kingdom of Saudi Arabi","['massage_in_riyadh', 'riyadh_massage', 'vipmassage_riyadh', 'Riyadhfullservice', 'RiyadhSeason', 'massage_in_riyadh']","056 7532798
#massage_in_riyadh
#riyadh_massage
#vipmassage_riyadh
#Riyadhfullservice
#RiyadhSeason
#massage_in_riyadh
Pm Me for your bookingâ¤ï¸â¤ï¸ https://t.co/oesYaX1CRZ"
112,nasser_khalid99,Entertainment is always the best ğŸ˜,Ø§Ù„Ù…Ù…Ù„ÙƒØ© Ø§Ù„Ø¹Ø±Ø¨ÙŠØ© Ø§Ù„Ø³Ø¹ÙˆØ¯ÙŠØ©,"['Oasis', 'RiyadhSeason']","At the Spanish Lounge Momento, there are a variety of great beverage options available in the #Oasis, and they are among the fun activities of the #RiyadhSeason ğŸ˜ğŸ‘ŒğŸ» https://t.co/1HdftcOCD3"
113,nasser_khalid99,Entertainment is always the best ğŸ˜,Ø§Ù„Ù…Ù…Ù„ÙƒØ© Ø§Ù„Ø¹Ø±Ø¨ÙŠØ© Ø§Ù„Ø³Ø¹ÙˆØ¯ÙŠØ©,[],"âœ”ï¸ World-class restaurants 
âœ”ï¸ Live entertainment 
âœ”ï¸ Art activities 
âœ”ï¸ Luxurious spa treatments 

It can only be The Groves, Riyadhâ€™s must-visit dining destination. ğŸ˜‹ 

Plan your trip today: https://t.co/q3GlrqvBPc   

#VisitSaudi #SaudiEvents #RiyadhSeason https://t.co/qATZ3rTWCz"
114,nasser_khalid99,Entertainment is always the best ğŸ˜,Ø§Ù„Ù…Ù…Ù„ÙƒØ© Ø§Ù„Ø¹Ø±Ø¨ÙŠØ© Ø§Ù„Ø³Ø¹ÙˆØ¯ÙŠØ©,"['BlvdRuhCity', 'RiyadhSeason']","#BlvdRuhCity has a variety of activities and fun ğŸ‘ğŸ»

Canâ€™t be missed ğŸ˜
#RiyadhSeason 
 https://t.co/ogCPA0sDQq"
115,chinonsoamara0,,,"['riyadhmassage', 'riyadh_massage_vip', 'riyadh_Fullbodymassage', 'Riyadhfullservice', 'Riyadh', 'RiyadhSeason', 'riyadhmassagebodytobody', 'riyadhvipmassage', 'Riyadhonly', 'riyadhdating', 'RiyadhFullBodyMassage']","+966593956879 FOR DECENT AND HAPPY ENDING SERVICE WHATSAPP ME.Â  +966593956879
#riyadhmassage 
#riyadh_massage_vip 
#riyadh_Fullbodymassage 
#Riyadhfullservice 
#Riyadh 
#RiyadhSeason 
#riyadhmassagebodytobody 
#riyadhvipmassage 
#Riyadhonly 
#riyadhdating 
#RiyadhFullBodyMassage https://t.co/AkyOnmBPws"
116,marina_micu,"https://t.co/otuQRNmcb9?amp=1ğŸ¶
@BeingSalmankhan DEVOTED Fan
https://t.co/O0EysDffyk  
@2Micu backup account
   ğŸ‡ªğŸ‡¦ğŸ‡¦ğŸ‡©
@RealPreityZintağŸŒ¹",Romania/Spain,[],"The King of Our Hearts ğŸ”¥  
              @BeingSalmanKhan 
 Receiving the Award
         ""Personality of the Year"" 
#RiyadhSeason.   #SaudiArabia 
#JoyAwards  #Riyadh 
      So Proud Of you my Hero â£ï¸ https://t.co/zad6JEIHSC"
117,Rullph,#HR | iPhone Photographer | Gaming,Al Khobar,['RiyadhSeason'],#RiyadhSeason BLVD ğŸ¤ https://t.co/R4pe949QCq
118,Japs92804708,"Massage therapist here at riyadh
watsapp 0541093846  message my watsapp
shaving and moroccan bath also available","Ø§Ù„Ø±ÙŠØ§Ø¶, Ø§Ù„Ù…Ù…Ù„ÙƒØ© Ø§Ù„Ø¹Ø±Ø¨ÙŠØ© Ø§Ù„Ø³Ø¹ÙˆØ¯","['Riyadhfullservice', 'Riyadh', 'massage_in_riyadh', 'riyadh_massage_vip', 'riyadhmassage', 'MassagesRiyadh', 'RiyadhSeason', 'massage_in_riyadh']","0541093846

Are u Tired? Time to Relax 

Book your massage with morrocan bath !! 

Shaving also available 

#Riyadhfullservice #Riyadh
#massage_in_riyadh  #riyadh_massage_vip
#riyadhmassage  #MassagesRiyadh
#RiyadhSeason #massage_in_riyadh https://t.co/vlor4znuSC"
119,JulesDEdwards,LondonğŸ´ó §ó ¢ó ·ó ¬ó ³ó ¿ Theatre guy. Producer  @AnthologyTheatr @Anthology_Group. known to sing ğŸ¤ Dog dadğŸ¶ All views my own. Insta:julesdedwards,London,[],Two shows of @KanYamaKanShow today lighting up the @RiyadhSeason Boulevard all day! We canâ€™t wait to create the magic! #riyadhseason #saturdayfun #kanyamakan https://t.co/VCaTZCDH7j
120,Riyadhm32417378,best massage services in Riyadh full body massage I'm from Ukraine,Riyadh Saudi Arabia ,"['riyadhmassage', 'riyadhmassagebodytobody', 'RiyadhFullBodyMassage', 'RiyadhSeason', 'riyadhdating']","Chart me on what's app
+966562435491 VIP service here in Riyadh full body massage 
#riyadhmassage 
#riyadhmassagebodytobody 
#RiyadhFullBodyMassage 
#RiyadhSeason 
#riyadhdating https://t.co/E9TO8Tzfzs"
121,KanYamaKanShow,"Global Theatrical Premiere, Riyadh From Feb 4th 2022. A U.K/Saudi Production.",Riyadh,"['riyadhseason', 'saturdayfun', 'kanyamakan']",Two shows of @KanYamaKanShow today lighting up the @RiyadhSeason Boulevard all day! We canâ€™t wait to create the magic! #riyadhseason #saturdayfun #kanyamakan https://t.co/VCaTZCDH7j
122,m_melibary,"Orthopaedic surgeon in making @iauorthopedic , Married to my Queen @Esraa_Sro2aâ¤ğŸ’, Father of #Linda & #Mohab ğŸ‘¨â€ğŸ‘©â€ğŸ‘§â€ğŸ‘¦ğŸ’• from #Mecca #med10,ğŸ’š#Ø£Ù‡Ù„Ø§ÙˆÙŠ",Kingdom of Saudi Arabia,"['OPINION', 'RiyadhSeason', 'SaudiArabia']","#OPINION: ""The magic of #RiyadhSeason proves anything is possible in modern #SaudiArabia,"" Dr. Ghadeer Talal Melibari writes  https://t.co/1Jn2IqV4SW"
123,jam88142182,#Massage_Riyadh,Riyadh,"['MassagesRiyadh', 'Riyadhfullservice', 'RiyadhSeason', 'riyadhmassage']","0533915943

ğ˜ğ˜–ğ˜–ğ˜‹ ğ˜”ğ˜ˆğ˜šğ˜šğ˜ˆğ˜ğ˜Œ !!

#MassagesRiyadh 
#Riyadhfullservice 
#RiyadhSeason #riyadhmassage https://t.co/7th1sHYDSM"
124,eltconsultancy,Ø£Ø³ØªØ§Ø° ØªØ¹Ù„ÙŠÙ… Ø§Ù„Ù„ØºØ© Ø§Ù„Ø¥Ù†Ø¬Ù„ÙŠØ²ÙŠØ©Ù„Ù„Ø£ØºØ±Ø§Ø¶ Ø§Ù„Ø®Ø§ØµØ© Ø§Ù„Ù…Ø³Ø§Ø¹Ø¯Ø¨Ø¬Ø§Ù…Ø¹Ø©UQU|ÙƒØ§ØªØ¨Ø©Ø±Ø£ÙŠ ÙÙŠ ØµØ­ÙŠÙØ©@Saudi_GazetteØ¨Ø§Ø­Ø«Ø© ÙÙŠ Ù…Ø¬Ø§Ù„ Ø§Ù„Ø«Ù‚Ø§ÙØ©ÙˆØ§Ù„ØªØ¹Ù„ÙŠÙ…|Ø´ØºÙˆÙØ© Ø¨Ø§Ù„Ø¥Ø¹Ù„Ø§Ù… ÙˆØµÙ†Ø§Ø¹Ø© Ø§Ù„ÙˆØ¹ÙŠ,"Jeddah, Kingdom of Saudi Arabia","['OPINION', 'RiyadhSeason', 'SaudiArabia']","#OPINION: ""The magic of #RiyadhSeason proves anything is possible in modern #SaudiArabia,"" Dr. Ghadeer Talal Melibari writes  https://t.co/1Jn2IqV4SW"
125,LaylaBajunaid,"Wanderer .. with a dream and a destination â€¢â€¢ ""ØªØªØ­Ù‚Ù‚ Ø§Ù„Ø£Ø­Ù„Ø§Ù… Ø¥Ù† Ø¹ÙØ´Ù†Ø§ Ù„Ù‡Ø§""",Saudi Arabia ,"['Riyadh', 'SaudiArabia', 'RiyadhSeason', 'Photography', 'Image', 'instaphoto', 'hiking']","â€œAlways know that wherever you are, you can enjoy more, that you deserve moreâ€
â€¢
â€¢
â€¢
#Riyadh #SaudiArabia #RiyadhSeason #2022 #Photography #Image #instaphoto #hiking @ Riyadh, Saudi Arabia https://t.co/DoK1YCbywv"
126,Saudi_Gazette,"Saudi Gazette is a leading English language daily in Saudi Arabia, since 1976.",Saudi Arabia,"['OPINION', 'RiyadhSeason', 'SaudiArabia']","#OPINION: ""The magic of #RiyadhSeason proves anything is possible in modern #SaudiArabia,"" Dr. Ghadeer Talal Melibari writes  https://t.co/1Jn2IqV4SW"
127,naiif_a32,Creator ğŸ¥interested in Saudi  future & Projects  #Ù…ÙˆØ³Ù…_Ø§Ù„Ø±ÙŠØ§Ø¶ .#RiyadhSeason.,Saudi Arabia. Riyadh.  ,"['RiyadhSeason', 'ÙˆØ§Ø¬Ù‡Ø©_Ø§Ù„Ø±ÙŠØ§Ø¶', 'Ù…ÙˆØ³Ù…_Ø§Ù„Ø±ÙŠØ§Ø¶']","Made in Saudi Arabia, the largest exhibition of national industries and products ğŸ‡¸ğŸ‡¦ğŸ’š
One of #RiyadhSeason events ğŸ‘ğŸ»ğŸ‘ğŸ»
 February 13-16 at #ÙˆØ§Ø¬Ù‡Ø©_Ø§Ù„Ø±ÙŠØ§Ø¶ ğŸ˜
#Ù…ÙˆØ³Ù…_Ø§Ù„Ø±ÙŠØ§Ø¶ 
 https://t.co/p7YS5yEEen"
128,Prof_AlHoqail,"Alady consultant plastic (Aesthetic&reconstructivesurgeon )saudi arabia ,Riyadhâ­ï¸ğŸŒŸâ­ï¸ğŸŒŸâ­ï¸ğŸŒŸâ­ï¸ğŸŒŸâ­ï¸ğŸ¦‹ğŸ¦‹ğŸ’šğŸ’›ğŸ‡¸ğŸ‡¦167",Kingdom of Saudi Arabia,"['special', 'all_sciences', 'day_of_women_and_girls_in_science']",Avery #special day11february I wishallwomen&amp;girlsin #all_sciences happiness&amp;content #day_of_women_and_girls_in_science establishedby #UN in 22/12/2015 #WomenAndGirlsInScienceDay  #Saudivision2030 #RiyadhSeason #gcc #MiddleEast #theworld #WomenEmpowerWomen #WomenInScience ğŸ¦‹ğŸŒğŸŒğŸŒ
129,k_alomary9,you must always have the faith,Kingdom of Saudi Arabia,['RiyadhSeason'],"What we see in #RiyadhSeason these days cannot be seen anywhere else, it is amazing, Riyadh is very charming https://t.co/isprssFKbL"
130,Gutes_Herz666,"Riyadh,Vienna",,"['special', 'all_sciences', 'day_of_women_and_girls_in_science']",Avery #special day11february I wishallwomen&amp;girlsin #all_sciences happiness&amp;content #day_of_women_and_girls_in_science establishedby #UN in 22/12/2015 #WomenAndGirlsInScienceDay  #Saudivision2030 #RiyadhSeason #gcc #MiddleEast #theworld #WomenEmpowerWomen #WomenInScience ğŸ¦‹ğŸŒğŸŒğŸŒ
131,rlpksaa,ğ—šğ—¥ğ—˜ğ—”ğ—§ ğ—¦ğ—”ğ—¨ğ——ğ—œ ğ—”ğ—¥ğ—”ğ—•ğ—œğ—” ğ—™ğ—œğ—¥ğ—¦ğ—§  ğŸ‡¸ğŸ‡¦ #MBS | #Vision2030 | #KSA | #ÙŠÙˆÙ…_Ø§Ù„ØªØ£Ø³ÙŠØ³ | #SaudiHistory |,Ø§Ù„Ø®ÙØ¨Ø± ğŸ“ | Ù†Ø¬Ø¯ Ø§Ù„Ø¹Ø°ÙŠØ© ,['RiyadhSeason'],"Beautiful moments from Boulevard Riyadh, one of #RiyadhSeasonÂ  amazing locations âœ¨ğŸ˜ https://t.co/RVHh3BpOz9"
132,LilyAnd97782060,Meeting people and fun,,"['riyadhmassage', 'Riyadhfullservice', 'Riyadh', 'riyadh_massage_vip', 'riyadh_massage_vip', 'riyadh_massage_vip', 'riyadhmassagebodytobody', 'RiyadhSeason', 'riyadhvipmassage', 'RiyadhFullBodyMassage']","ğŸ’¯ğŸ’¯ +966591526729 FOR DECENT AND HAPPY ENDING SERVICE WHATSAPP ME 
+966591526729ğŸ’¯ğŸ’¯
#riyadhmassage #Riyadhfullservice #Riyadh #riyadh_massage_vip #riyadh_massage_vip #riyadh_massage_vip #riyadhmassagebodytobody #RiyadhSeason #riyadhvipmassage #RiyadhFullBodyMassage https://t.co/9hsRx03QLb"
133,sam9sch1986d,"Feel free to ask
No home service","Riyadh, Kingdom of Saudi Arabi","['massage_in_riyadh', 'riyadh_massage', 'vipmassage_riyadh', 'Riyadhfullservice', 'RiyadhSeason', 'massage_in_riyadh']","056 7532798
#massage_in_riyadh
#riyadh_massage
#vipmassage_riyadh
#Riyadhfullservice
#RiyadhSeason
#massage_in_riyadh
Pm Me for your bookingâ¤ï¸â¤ï¸ https://t.co/wdaVZ21F9r https://t.co/9aVi4ux3OW"
134,nasser_khalid99,Entertainment is always the best ğŸ˜,Ø§Ù„Ù…Ù…Ù„ÙƒØ© Ø§Ù„Ø¹Ø±Ø¨ÙŠØ© Ø§Ù„Ø³Ø¹ÙˆØ¯ÙŠØ©,"['BlvdRuhCity', 'RiyadhSeason']","One of the fine and beautiful restaurants in #BlvdRuhCity, which is among the wonderful activities of the #RiyadhSeason ğŸ˜ğŸ‘ğŸ» https://t.co/dkHUFFs8y7"
135,sam9sch1986d,"Feel free to ask
No home service","Riyadh, Kingdom of Saudi Arabi","['massage_in_riyadh', 'riyadh_massage', 'vipmassage_riyadh', 'Riyadhfullservice', 'RiyadhSeason', 'massage_in_riyadh']","056 7532798
#massage_in_riyadh
#riyadh_massage
#vipmassage_riyadh
#Riyadhfullservice
#RiyadhSeason
#massage_in_riyadh
Pm Me for your bookingâ¤ï¸â¤ï¸ https://t.co/DB7q4OGmJk"
136,GbengaJ10544472,Fighting for justices and freedom of my fatherlandğŸ¤ğŸ’ª,,[],"ğ—” ğ˜€ğ—½ğ—²ğ—°ğ˜ğ—®ğ—°ğ˜‚ğ—¹ğ—®ğ—¿ ğ—²ğ—»ğ˜ğ—²ğ—¿ğ˜ğ—®ğ—¶ğ—»ğ—ºğ—²ğ—»ğ˜ ğ—²ğ˜…ğ—½ğ—²ğ—¿ğ—¶ğ—²ğ—»ğ—°ğ—² ğ—»ğ—¼ğ˜ ğ˜ğ—¼ ğ—¯ğ—² ğ—ºğ—¶ğ˜€ğ˜€ğ—²ğ—± ğ—®ğ˜ ğ—¥ğ—¶ğ˜†ğ—®ğ—±ğ—µ ğ—¦ğ—²ğ—®ğ˜€ğ—¼ğ—»ğ˜€.
Call us, book your tour with ğ—¦ğ—®ğ˜‚ğ—±ğ—¶ ğ——ğ—¶ğ˜€ğ—°ğ—¼ğ˜ƒğ—²ğ—¿ğ˜† and have fun ğŸ‘‰https://t.co/fzxRjo1KVe 

#SaudiDiscovery #Travel #RiyadhSeason https://t.co/nnyxFGHZif"
137,sam9sch1986d,"Feel free to ask
No home service","Riyadh, Kingdom of Saudi Arabi","['massage_in_riyadh', 'riyadh_massage', 'vipmassage_riyadh', 'Riyadhfullservice', 'RiyadhSeason', 'massage_in_riyadh']","056 7532798
#massage_in_riyadh
#riyadh_massage
#vipmassage_riyadh
#Riyadhfullservice
#RiyadhSeason
#massage_in_riyadh
Pm Me for your bookingâ¤ï¸â¤ï¸ https://t.co/DB7q4OGmJk"
138,JulesDEdwards,LondonğŸ´ó §ó ¢ó ·ó ¬ó ³ó ¿ Theatre guy. Producer  @AnthologyTheatr @Anthology_Group. known to sing ğŸ¤ Dog dadğŸ¶ All views my own. Insta:julesdedwards,London,[],"2 performances today of @KanYamaKanShow we canâ€™t wait to welcome you to to the Global Theatre in @riyadhseason 
Tag us in your socials if your watching the show today! #kanyamakan #riyadhseason #2showday https://t.co/OhH8lAtM8g"
139,Prof_AlHoqail,"Alady consultant plastic (Aesthetic&reconstructivesurgeon )saudi arabia ,Riyadhâ­ï¸ğŸŒŸâ­ï¸ğŸŒŸâ­ï¸ğŸŒŸâ­ï¸ğŸŒŸâ­ï¸ğŸ¦‹ğŸ¦‹ğŸ’šğŸ’›ğŸ‡¸ğŸ‡¦167",Kingdom of Saudi Arabia,"['special', 'all_sciences', 'day_of_women_and_girls_in_science', 'UN', 'WomenAndGirlsInScienceDay', 'Saudivision2030', 'RiyadhSeason', 'gcc', 'MiddleEast', 'theworld', 'WomenEmpowerWomen', 'WomenInScience']",Avery #special day11february I wishallwomen&amp;girlsin #all_sciences happiness&amp;content #day_of_women_and_girls_in_science establishedby #UN in 22/12/2015 #WomenAndGirlsInScienceDay  #Saudivision2030 #RiyadhSeason #gcc #MiddleEast #theworld #WomenEmpowerWomen #WomenInScience ğŸ¦‹ğŸŒğŸŒğŸŒ
140,Alshms__,,,[],"âœ”ï¸ World-class restaurants 
âœ”ï¸ Live entertainment 
âœ”ï¸ Art activities 
âœ”ï¸ Luxurious spa treatments 

It can only be The Groves, Riyadhâ€™s must-visit dining destination. ğŸ˜‹ 

Plan your trip today: https://t.co/q3GlrqvBPc   

#VisitSaudi #SaudiEvents #RiyadhSeason https://t.co/qATZ3rTWCz"
141,MrLeeStephenson,,,[],"Creating @KanYamaKanShow has a team of nearly 100 people from 16 different nationalities! 3 days to opening! @RiyadhSeason #kanyamakan
#riyadhseason https://t.co/TrEjwZG0ee"
142,huda_saad13,Everyone is equal,,['RiyadhSeason'],#RiyadhSeasonÂ  has a lot of activities and different zones satisfying everyone ğŸ’š https://t.co/WRU7Ga0Qmi
143,058Sarah1,"#SARAH RIYADH 
#RIYADH_MASSAGE 
#RIYADH DATING 
RIYADH RELAXATION 
CONTACT ME 
#0583626418",,"['RIYADHMASSAGESERVICE', 'massage_in_riyadh', 'FullBodyMassage', 'bodytobodymassage', 'Riydsexxxx', 'RiyadhSeason']","#RIYADHMASSAGESERVICE 
#massage_in_riyadh 
#FullBodyMassage
#bodytobodymassage 
#Riydsexxxx 
#RiyadhSeason 
Contact me 0583626418
Am a simple clean lady https://t.co/hL3N172SDB"
144,ADUmedia,"ADU is a specialist news portal. It covers Indian Armed forces, Homeland Security, Defence Industry, Civil Aviation & International Relations","New Delhi, India","['aircraftsinflightbrandedgifts', 'festivalthemedsurprises', 'freetickets', 'KhaledTash', 'promotionalflight', 'RiyadhSeason', 'SaudiArabia', 'SAUDIA']","SAUDIA promotes Riyadh Season with special livery and promotional flight https://t.co/kv2GKCeMMc #aircraftsinflightbrandedgifts
#festivalthemedsurprises
#freetickets
#KhaledTash
#promotionalflight
#RiyadhSeason
#SaudiArabia
#SAUDIA"
145,KanYamaKanShow,"Global Theatrical Premiere, Riyadh From Feb 4th 2022. A U.K/Saudi Production.",Riyadh,"['kanyamakan', 'riyadhseason', '2showday']","2 performances today of @KanYamaKanShow we canâ€™t wait to welcome you to to the Global Theatre in @riyadhseason 
Tag us in your socials if your watching the show today! #kanyamakan #riyadhseason #2showday https://t.co/OhH8lAtM8g"
146,pplofKSA,"We are here to provide you every single information, facts and beautiful places of Saudi Arabia.",Kingdom of Saudi Arabia,['RiyadhSeason'],Saudia Airlines painted in #RiyadhSeason colors on the flight from Paris to Riyadh | A destination for imagination â¤ï¸ https://t.co/MFprJRdqmX
147,DammamM06010357,Available for massage with happy ending Your safety is guaranteed ğŸ’¯ğŸ’¯WhatsApp me on +966543038897,,"['riyadhmassage', 'riyadhseason', 'riyadhpool', 'riyadhsaudiarabia', 'Riyadh', 'Riyadhfullservice', 'RiyadhKSA', 'riyadhparty', 'riyadhpark', 'riyadhclub', 'riyadhdating', 'RiyadhDays', 'massagetherapy']",Available for massage with happy ending Your safety is guaranteed ğŸ’¯ğŸ’¯WhatsApp me on +966543038897 #riyadhmassage #riyadhseason #riyadhpool #riyadhsaudiarabia #Riyadh #Riyadhfullservice #RiyadhKSA #riyadhparty #riyadhpark #riyadhclub #riyadhdating #RiyadhDays #massagetherapy
148,AlkhaldiShaman,"entertainment lover, I share this love with all of you ğŸ¥ğŸ­ğŸ¤¹ğŸ»â€â™‚ï¸ğŸªğŸŸğŸ","Riyadh, Kingdom of Saudi Arabi",['RiyadhSeason'],"â€œRiyadh Toursâ€ is a riding show championship sponsored by the Saudi Equestrian Federation.

#RiyadhSeason https://t.co/moxNvdEcg8"
149,nasser_khalid99,Entertainment is always the best ğŸ˜,Ø§Ù„Ù…Ù…Ù„ÙƒØ© Ø§Ù„Ø¹Ø±Ø¨ÙŠØ© Ø§Ù„Ø³Ø¹ÙˆØ¯ÙŠØ©,"['WinterWonderland', 'RiyadhSeason']","Every time we visit #WinterWonderland, we are fascinated the first time, with the indescribably enthusiastic atmosphere and wonderful activities of the #RiyadhSeason ğŸ˜ğŸ’š https://t.co/fIbvDWriT7"
150,nasser_khalid99,Entertainment is always the best ğŸ˜,Ø§Ù„Ù…Ù…Ù„ÙƒØ© Ø§Ù„Ø¹Ø±Ø¨ÙŠØ© Ø§Ù„Ø³Ø¹ÙˆØ¯ÙŠØ©,"['BlvdRuhCity', 'RiyadhSeason']","An aesthetic scene decorated with the most beautiful details of rapture .. witnessed by Abu Bakr Salem theater with his audience who sit on the top of happiness in #BlvdRuhCity ğŸ¶âœ¨

#RiyadhSeason https://t.co/pxbcXknz5s"
151,ns4art,Art and Event,,['RiyadhSeason'],"Iâ€™ve got to thank every artist who made me love #RiyadhSeason more and more ğŸ˜ŒğŸ’œ
Especially @Nourabinsaidan ğŸ‘ŒğŸ»ğŸ¨ https://t.co/3GjuLih75g"
152,noonystyle,,Saudi Arabia,['RiyadhSeason'],"Iâ€™ve got to thank every artist who made me love #RiyadhSeason more and more ğŸ˜ŒğŸ’œ
Especially @Nourabinsaidan ğŸ‘ŒğŸ»ğŸ¨ https://t.co/3GjuLih75g"
153,yasser_madkhli,"ÙƒØ§ØªØ¨ / writer
Ø±Ø¦ÙŠØ³ Ù…Ø¬Ù„Ø³ Ø¥Ø¯Ø§Ø±Ø© @msrhkaef",Ø§Ù„Ù…Ù…Ù„ÙƒØ© Ø§Ù„Ø¹Ø±Ø¨ÙŠØ© Ø§Ù„Ø³Ø¹ÙˆØ¯ÙŠØ©,"['soldout', 'kanyamakan', 'riyadhseason']",Weâ€™re ready for our Thursday night SOLD OUT performance of @KanYamaKanShow #soldout #kanyamakan #riyadhseason https://t.co/qaT5NltbAC
154,OurResponsibil_,Ù„Ø£Ù†ÙƒÙ… Ù…Ø³Ø¤ÙˆÙ„ÙŠØªÙ†Ø§ØŒ Ù†Ø³Ø¹Ù‰ Ù„Ø®Ø¯Ù…ØªÙƒÙ… Ø¨Ù†Ø´Ø± Ø¥Ø¹Ù„Ø§Ù†Ø§Øª: Ø§Ù„ØªÙˆØ¸ÙŠÙ | Ø§Ù„ØªÙ†Ø¸ÙŠÙ… | Ø§Ù„Ù…ÙˆØ§Ø³Ù… | Ø§Ù„ØªØ·ÙˆØ¹ | Ø§Ù„Ø¯ÙˆØ±Ø§Øª Ø§Ù„ØªØ¯Ø±ÙŠØ¨ÙŠØ©. #Ø¥ÙØ§Ø¯ØªÙƒÙ…_Ù…Ø³Ø¤ÙˆÙ„ÙŠØªÙ†Ø§,,"['Ø¥ÙØ§Ø¯ØªÙƒÙ…_Ù…Ø³Ø¤ÙˆÙ„ÙŠØªÙ†Ø§', 'Ù…ÙˆØ³Ù…_Ø§Ù„Ø±ÙŠØ§Ø¶', 'Riyadh', 'RiyadhSeason']","To apply, Kindly visit this link: 
https://t.co/30mz9tp2JX

https://t.co/g5CntZD1TD
https://t.co/M8oNJ9zj9x

#Ø¥ÙØ§Ø¯ØªÙƒÙ…_Ù…Ø³Ø¤ÙˆÙ„ÙŠØªÙ†Ø§ 
#Ù…ÙˆØ³Ù…_Ø§Ù„Ø±ÙŠØ§Ø¶Â 
#Riyadh
#RiyadhSeason"
155,ciossaee,"ambivert â—â—â— ERnurse â—â—â— ARMYğŸ’œ â—â—â— currently in DMM // oh & yea, my twts are mostly random rants. scroll down at ur own risk--ig: https://t.co/sC7xUPumHv","ZC, Philippines","['exploresaudi', 'riyadhseason', 'winterwonderland']","""Life is too short not to nurture your inner child. Make sure in your busy life of 'To-Do Lists' that you make time to have fun!"" ğŸ™ƒğŸ™‚
.
.
.
.
.
#exploresaudi
#riyadhseason
#winterwonderland https://t.co/fSItcp0B5N"
156,skznote_,,,[],"Are you guys ready for ""Chungha"" and the Korean Pop band ""Stray Kids""? ğŸ‡¸ğŸ‡¦â¤ï¸ğŸ‡°ğŸ‡·
Tickets are available now, hurry and get yours! ğŸ˜
https://t.co/OovJkBSv8t

#RiyadhSeason
#BoulevardPlus https://t.co/LNi38jFvfr"
157,DammamM06010357,Available for massage with happy ending Your safety is guaranteed ğŸ’¯ğŸ’¯WhatsApp me on +966543038897,,"['riyadhmassage', 'riyadhseason', 'riyadhpool', 'riyadhsaudiarabia', 'Riyadh', 'Riyadhfullservice', 'RiyadhKSA', 'riyadhparty', 'riyadhpark', 'riyadhclub', 'riyadhdating', 'RiyadhDays', 'massagetherapy']",Available for massage with happy ending Your safety is guaranteed ğŸ’¯ğŸ’¯WhatsApp me on +966543038897 #riyadhmassage #riyadhseason #riyadhpool #riyadhsaudiarabia #Riyadh #Riyadhfullservice #RiyadhKSA #riyadhparty #riyadhpark #riyadhclub #riyadhdating #RiyadhDays #massagetherapy
158,asimumar07,big fan of asim umar,,['DabanggTheTourReloaded'],"Weâ€™ve come back with some extra energies post the #DabanggTheTourReloaded ğŸ’ª
People with unique powers can bend the spoon, we went ahead and broke itğŸ˜‚ğŸ’ªğŸ¤£
@WhoSunilGrover @ManishPaul03 
.
.
.
.
#riyadhseason #bts #funtimes #friends #gratitude #blessed https://t.co/JQuAQ36NJl"
159,KanYamaKanShow,"Global Theatrical Premiere, Riyadh From Feb 4th 2022. A U.K/Saudi Production.",Riyadh,"['soldout', 'kanyamakan', 'riyadhseason']",Weâ€™re ready for our Thursday night SOLD OUT performance of @KanYamaKanShow #soldout #kanyamakan #riyadhseason https://t.co/qaT5NltbAC
160,A_AlDAMRy,ğŸ§¡Ù„Ø´ÙŠØ® Ø§Ù„Ù†ÙˆØ§Ø¯ÙŠ Ø§Ù…ÙŠÙ„ğŸ–¤,,['WinterWonderland'],"A dedicated celebration hall in #WinterWonderland for your child's special day ğŸ¥³

Now you can personalize your kid's party in four wonderful themes and enjoy watching your child jumps out of joy ğŸ‰

#RiyadhSeason"
161,discovery_saudi,"Experience The Best Tour Packages in #SaudiArabia ğŸ‡¸ğŸ‡¦ 
Discover #Saudi from #Riyadh #Jeddah #AlUla and More. 

Book Now With Saudi Discovery and Enjoy !","Riyadh, Saudi Arabia","['SaudiDiscovery', 'Travel', 'RiyadhSeason']","ğ—” ğ˜€ğ—½ğ—²ğ—°ğ˜ğ—®ğ—°ğ˜‚ğ—¹ğ—®ğ—¿ ğ—²ğ—»ğ˜ğ—²ğ—¿ğ˜ğ—®ğ—¶ğ—»ğ—ºğ—²ğ—»ğ˜ ğ—²ğ˜…ğ—½ğ—²ğ—¿ğ—¶ğ—²ğ—»ğ—°ğ—² ğ—»ğ—¼ğ˜ ğ˜ğ—¼ ğ—¯ğ—² ğ—ºğ—¶ğ˜€ğ˜€ğ—²ğ—± ğ—®ğ˜ ğ—¥ğ—¶ğ˜†ğ—®ğ—±ğ—µ ğ—¦ğ—²ğ—®ğ˜€ğ—¼ğ—»ğ˜€.
Call us, book your tour with ğ—¦ğ—®ğ˜‚ğ—±ğ—¶ ğ——ğ—¶ğ˜€ğ—°ğ—¼ğ˜ƒğ—²ğ—¿ğ˜† and have fun ğŸ‘‰https://t.co/fzxRjo1KVe 

#SaudiDiscovery #Travel #RiyadhSeason https://t.co/nnyxFGHZif"
162,Riyadhm32417378,best massage services in Riyadh full body massage I'm from Ukraine,Riyadh Saudi Arabia ,"['Riyadh', 'massage_in_riyadh', 'Riyadhfullservice', 'riyadhmassagebodytobody', 'riyadhdating', 'RiyadhSeason', 'riyadhdating', 'riyadhmassageinhotel', 'riyadhcallgirls']","Chart me on what's app
+966562435491 Ukraine lady available for all kinds of satisfying here in Riyadh full body massage 
#Riyadh #massage_in_riyadh 
#Riyadhfullservice #riyadhmassagebodytobody 
#riyadhdating 
#RiyadhSeason 
#riyadhdating 
#riyadhmassageinhotel
#riyadhcallgirls https://t.co/WsMuh3XzGu"
163,Lo80323461,,"Ø§Ù„Ø±ÙŠØ§Ø¶, Ø§Ù„Ù…Ù…Ù„ÙƒØ© Ø§Ù„Ø¹Ø±Ø¨ÙŠØ© Ø§Ù„Ø³Ø¹ÙˆØ¯","['massage_vip_riyadh', 'RiyadhSeason']","Massage and sex in Riyadh 
Massage body to body 
ws+966562689055
https://t.co/NolrmbnBeS
â¤â¤â¤â¤â¤â¤â¤â¤â¤
#massage_vip_riyadh 
#RiyadhSeason https://t.co/epfX09Au32"
164,IndianScooter,Nature Lover * Centrist * Humour * Anti-Bigotry * Advocate - a world without boundaries * Traveller * Aspiring Entrepreneur. Hindustan Zindabad,,['RiyadhSeason'],@zahacktanvir Is #RiyadhSeason good initiative or  not?
165,nouramoh963,,,['RiyadhSeason'],"#RiyadhSeason has different amazing places and zones, it really incredible season ğŸ˜ğŸ’š https://t.co/DpKRzCyvNO"
166,Bella0531304346,,"Riyadh, Kingdom of Saudi Arabi","['massage_vip_riyadh', 'massageinRiyadh', 'riyadh_Fullbodymassage', 'RiyadhSeason', 'Riyadhfullservice']","Massage and Moroccan Bath 
Available from 4pm to 3am
0531304346
#massage_vip_riyadh 
#massageinRiyadh 
#riyadh_Fullbodymassage 
#RiyadhSeason 
#Riyadhfullservice https://t.co/6UQ19Jszhb"
167,KSAembassy_RUS,Ø³ÙØ§Ø±Ø© Ø§Ù„Ù…Ù…Ù„ÙƒØ© Ø§Ù„Ø¹Ø±Ø¨ÙŠØ© Ø§Ù„Ø³Ø¹ÙˆØ¯ÙŠØ© Ù„Ø¯Ù‰ Ø±ÙˆØ³ÙŠØ§ Ø§Ù„Ø§ØªØ­Ø§Ø¯ÙŠØ© ÙˆØ¬Ù…Ù‡ÙˆØ±ÙŠØ© Ø¨ÙŠÙ„Ø§Ø±ÙˆØ³ ĞÑ„Ğ¸Ñ†Ğ¸Ğ°Ğ»ÑŒĞ½Ñ‹Ğ¹ Ğ°ĞºĞºĞ°ÑƒĞ½Ñ‚ ĞŸĞ¾ÑĞ¾Ğ»ÑŒÑÑ‚Ğ²Ğ° ĞšĞ¾Ñ€Ğ¾Ğ»ĞµĞ²ÑÑ‚Ğ²Ğ° Ğ¡Ğ°ÑƒĞ´Ğ¾Ğ²ÑĞºĞ°Ñ ĞÑ€Ğ°Ğ²Ğ¸Ñ Ğ² Ğ Ğ¾ÑÑĞ¸Ğ¸ Ğ¸ Ğ ĞµÑĞ¿ÑƒĞ±Ğ»Ğ¸ĞºĞµ Ğ‘ĞµĞ»Ğ°Ñ€ÑƒÑÑŒ,Ù…ÙˆØ³ÙƒÙˆ,[],"âœ”ï¸ World-class restaurants 
âœ”ï¸ Live entertainment 
âœ”ï¸ Art activities 
âœ”ï¸ Luxurious spa treatments 

It can only be The Groves, Riyadhâ€™s must-visit dining destination. ğŸ˜‹ 

Plan your trip today: https://t.co/q3GlrqvBPc   

#VisitSaudi #SaudiEvents #RiyadhSeason https://t.co/qATZ3rTWCz"
168,vee_wandera,Journalist @KTNnewsKE & @StandardKenya | Shine like the Moon ğŸŒ™ even when darkness takes over your sky ğŸŒŒ,"Nairobi, Kenya","['RiyadhSeason', 'RiyadhBoulevard', 'Riyadh']",The Changing face of Saudi Arabia. Two years ago such shows were unheard of in Saudi. But things are slowly changing. Iâ€™m excited to see what this country will be like in five years. #RiyadhSeason #RiyadhBoulevard #Riyadh https://t.co/kNxDys0fUO
169,AlkhaldiShaman,"entertainment lover, I share this love with all of you ğŸ¥ğŸ­ğŸ¤¹ğŸ»â€â™‚ï¸ğŸªğŸŸğŸ","Riyadh, Kingdom of Saudi Arabi",['RiyadhSeason'],"The â€œRiyadh Toursâ€ championship features the top local and foreign jockeys, and 2500 spectators are expected to attend each day.

#RiyadhSeason https://t.co/ub5Wxgo1he"
170,Khanhch53853711,â„³á¯Ğ…Ğ…á¯á¶â„°Â services in Riyadh  +966569376439,"Ø§Ù„Ø±ÙŠØ§Ø¶, Ø§Ù„Ù…Ù…Ù„ÙƒØ© Ø§Ù„Ø¹Ø±Ø¨ÙŠØ© Ø§Ù„Ø³Ø¹ÙˆØ¯","['RiyadhSeason', 'Riyadhfullservice', 'Ø§Ù„Ù‡Ù„Ø§Ù„_ØªØ´ÙŠÙ„Ø³ÙŠ']","Massage in riyadh 
Massage body to body 
Massage full service 
Available now 
Whatsapp +966569376439
https://t.co/YVSGaG956l
https://t.co/1NkBvigJXb
#RiyadhSeason
#Riyadhfullservice
#Ø§Ù„Ù‡Ù„Ø§Ù„_ØªØ´ÙŠÙ„Ø³ÙŠ https://t.co/HsohCKVwfH"
171,jelwah,Ø§Ù†Ø§ Ù‡Ù†Ø§ .. ÙƒÙ…Ø§ Ø§Ù†Ø§ .. Ù…Ø³Ø±Ø­ ÙˆÙÙ† Ùˆ Ø§Ø´ÙŠØ§Ø¡ Ø§Ø®Ø±Ù‰,,['globaltheatre'],"The Global Theatre is looking spectacular tonight for our performance of @KanYamaKanShow 
@riyadhseason #globaltheatre #riyadhseason #kanyamakan https://t.co/0EZx4KFvtR"
172,NGhoshom,PR AviationğŸ›«,Jeddah,"['riyadhseason', 'sponsorship', 'paris', 'riyadh']","Activating our #riyadhseason #sponsorship at scale! Impacting our passengersâ€™ journey all the way from #paris to #riyadh, giving them both a beautiful experience and an introduction to the season.

Thank you SAUDI AIRLINES Dream Team!   ğŸ™ğŸ‡¸ğŸ‡¦âœˆï¸ğŸ’š https://t.co/xXrb01vB2d"
173,AB_SAUDIA,,,[],"âœ”ï¸ World-class restaurants 
âœ”ï¸ Live entertainment 
âœ”ï¸ Art activities 
âœ”ï¸ Luxurious spa treatments 

It can only be The Groves, Riyadhâ€™s must-visit dining destination. ğŸ˜‹ 

Plan your trip today: https://t.co/q3GlrqvBPc   

#VisitSaudi #SaudiEvents #RiyadhSeason https://t.co/qATZ3rTWCz"
174,yasser_madkhli,"ÙƒØ§ØªØ¨ / writer
Ø±Ø¦ÙŠØ³ Ù…Ø¬Ù„Ø³ Ø¥Ø¯Ø§Ø±Ø© @msrhkaef",Ø§Ù„Ù…Ù…Ù„ÙƒØ© Ø§Ù„Ø¹Ø±Ø¨ÙŠØ© Ø§Ù„Ø³Ø¹ÙˆØ¯ÙŠØ©,['globaltheatre'],"The Global Theatre is looking spectacular tonight for our performance of @KanYamaKanShow 
@riyadhseason #globaltheatre #riyadhseason #kanyamakan https://t.co/0EZx4KFvtR"
175,chinonsoamara0,,,"['riyadhmassage', 'riyadh_massage_vip', 'Riyadhfullservice', 'Riyadh', 'Riyadhonly', 'RiyadhSeason', 'riyadhmassagebodytobody', 'riyadhvipmassage', 'riyadhmassagecenter', 'Riyadh_bodymassage']","+966593956879 FOR DECENT AND HAPPY ENDING SERVICE WHATSAPP ME.Â  +966593956879
#riyadhmassage 
#riyadh_massage_vip 
#Riyadhfullservice 
#Riyadh 
#Riyadhonly 
#RiyadhSeason 
#riyadhmassagebodytobody 
#riyadhvipmassage 
#riyadhmassagecenter 
#Riyadh_bodymassage https://t.co/zrh6b6sEFs"
176,candyreinne,Whats App 056 683 3751,Riyadh,"['riyadh', 'riyadhboulevard', 'RiyadhSeason']","The beauty of Riyadh Boulevard
#riyadh #riyadhboulevard #RiyadhSeason https://t.co/TuKJ1yNo3n"
177,KanYamaKanShow,"Global Theatrical Premiere, Riyadh From Feb 4th 2022. A U.K/Saudi Production.",Riyadh,['globaltheatre'],"The Global Theatre is looking spectacular tonight for our performance of @KanYamaKanShow 
@riyadhseason #globaltheatre #riyadhseason #kanyamakan https://t.co/0EZx4KFvtR"
178,KanYamaKanShow,"Global Theatrical Premiere, Riyadh From Feb 4th 2022. A U.K/Saudi Production.",Riyadh,"['globaltheatre', 'riyadhseason', 'kanyamakan']","The Global Theatre is looking spectacular tonight for our performance of @KanYamaKanShow 
@riyadhseason #globaltheatre #riyadhseason #kanyamakan https://t.co/0EZx4KFvtR"
179,mememem20164192,Speak up,United Kingdom,"['JoyAwards', 'RiyadhSeason']","Definition of a joyful nightâ€¦ Thank you for having me #JoyAwards
@CelineDagher_
@BassamFattouh 
@GElMendelek 
#RiyadhSeason https://t.co/J3ULCdtalW"
180,rehabebra,ÙˆÙÙ‚ÙÙ„ Ø±Ø¨ÙÙ‘ Ø²ÙØ¯Ù’Ù†ÙÙŠ Ø¹ÙÙ„Ù’Ù…Ù‹Ø§. Ø§Ù„Ù„Ù‡Ù… Ø§Ø¬Ø¹Ù„Ù†ÙŠ Ù…Ø¨Ø§Ø±ÙƒØ§Ù‹ Ø§ÙŠÙ†Ù…Ø§ ÙƒÙÙ†ØªğŸ“. Instagram: re7ab.b1 ğŸ’—,,['RiyadhSeason'],@RiyadhSeason  #RiyadhSeason  Riyadh Winter Wonderland ğŸ¤©ğŸ’™ https://t.co/YAoD0vft2B
181,T4002M,Peace & Quiet.,,"['RiyadhSeason', 'boulevard']","#RiyadhSeason 
#boulevard 
@RiyadhSeason 

 I Really Enjoy the details of the Boulevard very much, it was a rainy night, a wonderful atmosphere &amp; really creativity!! â™¥ï¸â™¥ï¸ https://t.co/N3yuSfb3bC"
182,Ubasheer77gmai1,,,"['JoyAwards', 'RiyadhSeason']","Definition of a joyful nightâ€¦ Thank you for having me #JoyAwards
@CelineDagher_
@BassamFattouh 
@GElMendelek 
#RiyadhSeason https://t.co/J3ULCdtalW"
183,khaledkhaledalb,,,[],"âœ”ï¸ World-class restaurants 
âœ”ï¸ Live entertainment 
âœ”ï¸ Art activities 
âœ”ï¸ Luxurious spa treatments 

It can only be The Groves, Riyadhâ€™s must-visit dining destination. ğŸ˜‹ 

Plan your trip today: https://t.co/q3GlrqvBPc   

#VisitSaudi #SaudiEvents #RiyadhSeason https://t.co/qATZ3rTWCz"
184,DrAssad,Studied Business Analytics At Brock University In Canada Retweetâ€™s Are Always Mean My Endorsement #MBS_ForEver,"Niagara-on-the-Lake, Ontario",[],"âœ”ï¸ World-class restaurants 
âœ”ï¸ Live entertainment 
âœ”ï¸ Art activities 
âœ”ï¸ Luxurious spa treatments 

It can only be The Groves, Riyadhâ€™s must-visit dining destination. ğŸ˜‹ 

Plan your trip today: https://t.co/q3GlrqvBPc   

#VisitSaudi #SaudiEvents #RiyadhSeason https://t.co/qATZ3rTWCz"
185,m_alshaikh0,"ÙŠØ§ Ø¯Ø§Ø±Ù†Ø§ Ø¨Ø§Ø¨Ùƒ Ø¹Ù† Ø§Ù„Ø°Ù„ Ù…ÙˆØµÙˆØ¯ 
Ø²Ù‡Ø± Ø§Ù„ÙØ®Ø± Ù†Ø¨ØªÙƒ Ù‚Ø¯ÙŠÙ… ÙˆØ¬Ø¯Ø§ÙŠØ¯

ÙˆÙ‚Øª Ø§Ù„Ø¹Ø³Ø± Ø¨Ø§Ù„Ø¯Ù… Ù†ÙˆÙÙŠ Ù„Ùƒ Ø¹Ù‡ÙˆØ¯ 
ÙˆÙˆÙ‚Øª Ø§Ù„Ø±Ø®Ø§ Ø¨Ù†Ù‚ÙˆÙ„ Ù…Ø¯Ø­ ÙˆÙ‚ØµØ§ÙŠØ¯",,[],"âœ”ï¸ World-class restaurants 
âœ”ï¸ Live entertainment 
âœ”ï¸ Art activities 
âœ”ï¸ Luxurious spa treatments 

It can only be The Groves, Riyadhâ€™s must-visit dining destination. ğŸ˜‹ 

Plan your trip today: https://t.co/q3GlrqvBPc   

#VisitSaudi #SaudiEvents #RiyadhSeason https://t.co/qATZ3rTWCz"
186,VisitSaudiNow,#WelcomeToArabia. The official tourism account for Saudi Arabia,Saudi Arabia,"['VisitSaudi', 'SaudiEvents', 'RiyadhSeason']","âœ”ï¸ World-class restaurants 
âœ”ï¸ Live entertainment 
âœ”ï¸ Art activities 
âœ”ï¸ Luxurious spa treatments 

It can only be The Groves, Riyadhâ€™s must-visit dining destination. ğŸ˜‹ 

Plan your trip today: https://t.co/q3GlrqvBPc   

#VisitSaudi #SaudiEvents #RiyadhSeason https://t.co/qATZ3rTWCz"
187,AlaziqAlzailaie,Ø´Ø±ÙƒØ© Ø§Ù„Ø¹Ø²Ù‚ ÙˆØ§Ù„Ø²ÙŠÙ„Ø¹ÙŠ Ù…Ø­Ø§Ø³Ø¨ÙˆÙ† Ù‚Ø§Ù†ÙˆÙ†ÙŠÙˆÙ† Ù…ØªØ®ØµØµØ©  ÙÙŠ Ø§Ù„Ù…Ø±Ø§Ø¬Ø¹Ø©  ÙˆØ§Ù„Ø¶Ø±Ø§Ø¦Ø¨ ÙˆØ§Ù„Ø§Ø³ØªØ´Ø§Ø±Ø§Øª ÙˆØ§Ù„Ù…Ø­Ø§Ø³Ø¨Ø© Ø§Ù„Ù‚Ø¶Ø§Ø¦ÙŠØ© ÙˆÙ†Ù‚Ø¯Ù… Ø®Ø¯Ù…Ø§ØªÙ†Ø§  ÙÙŠ Ø¬Ù…ÙŠØ¹ Ù…Ù†Ø§Ø·Ù‚ Ø§Ù„Ù…Ù…Ù„ÙƒØ©,"Riyadh, Jeddah, Dammam, Abha","['saudiarabian', 'cultural', 'entertainment', 'saudivision2030', 'ihacpa', 'zatca', 'iapa', 'saudivision2030', 'saudiarabia', 'jeddah', 'riyadh', 'riyadhseason', 'socpa', 'entertainmentindustry']","#saudiarabian authorities signed deal to develop #cultural and #entertainment sectors to achieve goals of the #saudivision2030.

#ihacpa #zatca #iapa #saudivision2030 #saudiarabia #jeddah #riyadh #riyadhseason #socpa  #entertainmentindustry"
